sqft_living,sqm_living,floors
0,3500,106.71,2.0
1,1180,35.98,1.0
2,1260,38.41,1.5
3,1520,46.34,1.0
4,1780,54.27,1.0
5,3080,93.9,2.0
6,3380,103.05,2.0
7,2070,63.11,1.0
8,1680,51.22,1.0
9,2700,82.32,1.0
10,1600,48.78,1.5
11,2240,68.29,1.0
12,770,23.48,1.0
13,800,24.39,1.0
14,2210,67.38,1.0
15,3100,94.51,3.0
16,1100,33.54,3.0
17,1400,42.68,1.0
18,1660,50.61,1.0
19,2940,89.63,2.0
20,3570,108.84,2.0
21,2440,74.39,1.0
22,1800,54.88,2.0
23,1720,52.44,1.0
24,2190,66.77,1.0
25,2570,78.35,2.0
26,1490,45.43,1.5
27,2290,69.82,1.0
28,3120,95.12,2.0
29,2740,83.54,1.5
30,1730,52.74,2.0
31,4420,134.76,2.0
32,1510,46.04,1.0
33,1500,45.73,1.5
34,1680,51.22,2.0
35,2450,74.7,1.0
36,3180,96.95,1.0
37,1860,56.71,1.0
38,1180,35.98,1.0
39,2560,78.05,2.0
40,1130,34.45,1.0
41,3200,97.56,2.0
42,2030,61.89,2.0
43,2870,87.5,1.5
44,1360,41.46,1.0
45,2580,78.66,1.0
46,2330,71.04,2.0
47,3010,91.77,2.0
48,1460,44.51,1.0
49,1470,44.82,2.0
50,1440,43.9,1.5
51,1000,30.49,1.0
52,1270,38.72,3.0
53,1790,54.57,2.0
54,1980,60.37,2.0
55,890,27.13,1.0
56,1010,30.79,1.0
57,3190,97.26,2.0
58,3190,97.26,1.0
59,2450,74.7,2.0
60,1850,56.4,1.0
61,2550,77.74,2.0
62,3820,116.46,2.0
63,1890,57.62,1.0
64,1870,57.01,1.0
65,2340,71.34,2.0
66,1310,39.94,1.0
67,2870,87.5,1.5
68,1680,51.22,1.0
69,2330,71.04,1.0
70,1470,44.82,1.0
71,2620,79.88,2.5
72,1150,35.06,1.0
73,1430,43.6,1.0
74,1540,46.95,1.0
75,2520,76.83,2.0
76,1560,47.56,1.0
77,2770,84.45,2.0
78,2876,87.68,2.0
79,3950,120.43,1.0
80,1340,40.85,2.0
81,3450,105.18,2.0
82,2460,75.0,1.0
83,1920,58.54,1.0
84,1100,33.54,1.0
85,2920,89.02,1.0
86,2160,65.85,2.0
87,2200,67.07,2.0
88,1020,31.1,1.5
89,3070,93.6,2.0
90,2560,78.05,2.0
91,2100,64.02,1.0
92,1850,56.4,2.0
93,2150,65.55,1.0
94,2250,68.6,2.0
95,3900,118.9,1.0
96,3450,105.18,1.5
97,1930,58.84,1.0
98,1470,44.82,1.0
99,3000,91.46,1.0
100,1810,55.18,2.0
101,1860,56.71,1.0
102,3160,96.34,2.0
103,1340,40.85,1.0
104,1150,35.06,1.0
105,3040,92.68,2.0
106,2470,75.3,2.0
107,1300,39.63,1.0
108,1880,57.32,2.0
109,2970,90.55,2.0
110,910,27.74,1.0
111,1200,36.59,1.0
112,1280,39.02,1.0
113,2160,65.85,1.5
114,1320,40.24,3.0
115,2880,87.8,1.0
116,1440,43.9,2.0
117,2930,89.33,1.0
118,1870,57.01,1.0
119,1180,35.98,1.0
120,6260,190.85,2.0
121,2300,70.12,2.0
122,1950,59.45,1.0
123,1940,59.15,1.0
124,1870,57.01,1.0
125,2220,67.68,1.5
126,1710,52.13,2.0
127,1550,47.26,1.0
128,2560,78.05,2.0
129,1720,52.44,1.5
130,2610,79.57,2.0
131,1000,30.49,1.0
132,1810,55.18,1.0
133,1730,52.74,1.0
134,2910,88.72,1.0
135,2700,82.32,2.0
136,2600,79.27,1.0
137,3130,95.43,2.0
138,1190,36.28,1.0
139,1610,49.09,1.0
140,1080,32.93,1.0
141,2080,63.41,1.0
142,1410,42.99,1.0
143,3790,115.55,2.0
144,2730,83.23,2.0
145,2155,65.7,2.0
146,2790,85.06,1.0
147,2580,78.66,1.0
148,1280,39.02,1.0
149,2550,77.74,1.0
150,2760,84.15,2.0
151,3238,98.72,1.0
152,2120,64.63,2.0
153,1900,57.93,2.0
154,1610,49.09,1.0
155,3080,93.9,1.5
156,2920,89.02,1.0
157,2250,68.6,1.0
158,1470,44.82,1.0
159,1260,38.41,1.0
160,2080,63.41,1.0
161,2830,86.28,2.0
162,2050,62.5,2.0
163,1420,43.29,1.0
164,1580,48.17,1.5
165,2080,63.41,1.5
166,1150,35.06,1.0
167,1940,59.15,1.0
168,1078,32.87,2.0
169,1700,51.83,1.0
170,3000,91.46,1.0
171,1600,48.78,2.0
172,1330,40.55,1.0
173,1350,41.16,1.0
174,2400,73.17,2.0
175,3380,103.05,3.0
176,1730,52.74,1.0
177,2815,85.82,2.0
178,1920,58.54,2.0
179,3480,106.1,2.0
180,2810,85.67,1.0
181,2360,71.95,2.0
182,960,29.27,1.0
183,4040,123.17,2.0
184,2560,78.05,2.0
185,2620,79.88,2.0
186,2700,82.32,2.0
187,1660,50.61,1.0
188,2040,62.2,2.0
189,1275,38.87,1.0
190,1550,47.26,1.5
191,3960,120.73,2.0
192,1450,44.21,2.0
193,2680,81.71,1.0
194,2170,66.16,1.5
195,1010,30.79,1.0
196,2440,74.39,2.0
197,2470,75.3,2.0
198,1992,60.73,1.5
199,2520,76.83,1.0
200,2110,64.33,2.0
201,3080,93.9,1.0
202,2190,66.77,2.0
203,2160,65.85,1.5
204,1900,57.93,1.0
205,2360,71.95,2.0
206,1920,58.54,1.0
207,1650,50.3,1.0
208,4600,140.24,2.0
209,2420,73.78,2.0
210,2040,62.2,1.0
211,3260,99.39,1.0
212,4220,128.66,2.0
213,1870,57.01,1.0
214,1610,49.09,2.0
215,4350,132.62,1.0
216,2170,66.16,2.0
217,1650,50.3,1.0
218,2320,70.73,2.0
219,1950,59.45,2.0
220,2580,78.66,1.5
221,2547,77.65,2.0
222,2170,66.16,2.0
223,1850,56.4,1.0
224,2820,85.98,1.0
225,1400,42.68,2.0
226,1730,52.74,1.0
227,1960,59.76,1.0
228,1680,51.22,2.0
229,2550,77.74,1.0
230,2440,74.39,2.0
231,1880,57.32,1.0
232,1400,42.68,1.0
233,2260,68.9,2.0
234,3680,112.2,2.0
235,2110,64.33,1.0
236,1300,39.63,1.0
237,1120,34.15,1.0
238,1700,51.83,1.0
239,1320,40.24,2.0
240,2380,72.56,1.0
241,3050,92.99,2.0
242,1350,41.16,1.0
243,2070,63.11,1.0
244,1110,33.84,1.0
245,960,29.27,1.0
246,1050,32.01,1.0
247,1260,38.41,2.0
248,1990,60.67,1.0
249,1040,31.71,1.0
250,1540,46.95,1.5
251,1170,35.67,1.0
252,1780,54.27,1.0
253,1600,48.78,2.0
254,2520,76.83,1.0
255,1360,41.46,1.5
256,2220,67.68,1.0
257,1100,33.54,1.0
258,1240,37.8,1.0
259,3250,99.09,2.0
260,1950,59.45,2.0
261,4260,129.88,2.0
262,3190,97.26,2.0
263,1830,55.79,1.0
264,1560,47.56,1.5
265,2140,65.24,1.0
266,2620,79.88,2.0
267,1510,46.04,1.0
268,1750,53.35,1.5
269,5540,168.9,2.5
270,1520,46.34,1.0
271,2200,67.07,1.0
272,1500,45.73,2.0
273,1980,60.37,1.0
274,1230,37.5,1.5
275,2040,62.2,1.0
276,2890,88.11,1.0
277,2240,68.29,1.0
278,2210,67.38,2.0
279,3130,95.43,2.0
280,2290,69.82,1.0
281,1760,53.66,1.0
282,3990,121.65,1.0
283,1460,44.51,1.5
284,1960,59.76,1.0
285,1700,51.83,3.0
286,1740,53.05,1.0
287,1700,51.83,1.0
288,4180,127.44,2.0
289,1920,58.54,1.0
290,2250,68.6,2.0
291,2330,71.04,2.0
292,1980,60.37,2.0
293,2920,89.02,2.0
294,3000,91.46,1.0
295,2840,86.59,1.5
296,3200,97.56,2.0
297,1820,55.49,1.0
298,5930,180.79,2.0
299,3150,96.04,2.0
300,2090,63.72,1.0
301,1280,39.02,1.0
302,3230,98.48,2.0
303,2220,67.68,1.0
304,1780,54.27,1.0
305,3440,104.88,2.0
306,3280,100.0,2.0
307,1970,60.06,2.0
308,1900,57.93,2.0
309,2500,76.22,1.0
310,1520,46.34,1.0
311,1500,45.73,3.0
312,2000,60.98,1.0
313,2414,73.6,2.0
314,1370,41.77,2.0
315,1480,45.12,1.0
316,1790,54.57,2.0
317,1780,54.27,1.0
318,980,29.88,1.0
319,2260,68.9,1.5
320,1660,50.61,1.0
321,2160,65.85,1.0
322,3360,102.44,2.0
323,2800,85.37,2.0
324,860,26.22,1.0
325,1470,44.82,2.0
326,1400,42.68,1.0
327,3650,111.28,1.0
328,3740,114.02,2.0
329,1350,41.16,1.0
330,1610,49.09,2.0
331,2020,61.59,1.0
332,1350,41.16,2.0
333,2940,89.63,2.0
334,1960,59.76,1.0
335,870,26.52,1.0
336,1600,48.78,2.0
337,1800,54.88,1.5
338,2910,88.72,1.0
339,3110,94.82,1.5
340,2160,65.85,1.5
341,1320,40.24,1.0
342,3130,95.43,2.0
343,1200,36.59,1.0
344,2500,76.22,1.0
345,1320,40.24,1.0
346,980,29.88,1.0
347,2120,64.63,2.0
348,2980,90.85,1.0
349,1510,46.04,2.0
350,1760,53.66,1.0
351,1250,38.11,1.0
352,1360,41.46,1.0
353,1750,53.35,1.0
354,1220,37.2,2.0
355,3370,102.74,2.0
356,2390,72.87,2.0
357,1940,59.15,1.0
358,1020,31.1,1.0
359,2670,81.4,2.0
360,3530,107.62,2.0
361,3240,98.78,2.0
362,1780,54.27,2.0
363,2610,79.57,2.0
364,1140,34.76,1.0
365,2730,83.23,2.0
366,1560,47.56,2.0
367,1320,40.24,1.0
368,910,27.74,1.0
369,1110,33.84,2.0
370,1420,43.29,1.0
371,3150,96.04,2.0
372,1290,39.33,3.0
373,2720,82.93,1.5
374,1750,53.35,2.0
375,2250,68.6,1.5
376,2300,70.12,1.0
377,2750,83.84,2.0
378,1430,43.6,1.5
379,1490,45.43,1.0
380,2760,84.15,1.5
381,2260,68.9,1.0
382,3160,96.34,2.0
383,1600,48.78,2.0
384,1470,44.82,2.0
385,3770,114.94,2.0
386,1940,59.15,2.0
387,1090,33.23,1.0
388,3780,115.24,2.0
389,1840,56.1,1.0
390,2628,80.12,2.0
391,1330,40.55,1.0
392,2250,68.6,1.0
393,1890,57.62,1.0
394,2120,64.63,1.0
395,1330,40.55,1.0
396,1650,50.3,1.0
397,2100,64.02,1.0
398,2290,69.82,1.5
399,2950,89.94,2.0
400,3150,96.04,1.0
401,1300,39.63,1.0
402,2720,82.93,1.0
403,4010,122.26,2.0
404,1450,44.21,1.0
405,2770,84.45,2.0
406,1960,59.76,1.0
407,730,22.26,1.0
408,1650,50.3,1.0
409,1560,47.56,1.0
410,780,23.78,1.0
411,3600,109.76,2.0
412,3770,114.94,2.0
413,3740,114.02,2.0
414,1560,47.56,2.0
415,1840,56.1,1.0
416,2670,81.4,2.0
417,1140,34.76,1.0
418,1890,57.62,1.0
419,1350,41.16,1.0
420,3650,111.28,2.0
421,1910,58.23,1.0
422,1770,53.96,2.0
423,1230,37.5,2.0
424,1930,58.84,1.0
425,2900,88.41,2.0
426,840,25.61,1.5
427,2080,63.41,1.0
428,1090,33.23,1.0
429,2456,74.88,2.0
430,2744,83.66,2.0
431,1930,58.84,1.0
432,1290,39.33,1.0
433,3280,100.0,2.0
434,1370,41.77,2.0
435,2490,75.91,2.0
436,2630,80.18,1.0
437,1450,44.21,1.0
438,3550,108.23,2.0
439,1460,44.51,1.0
440,910,27.74,1.0
441,560,17.07,1.0
442,1300,39.63,1.0
443,1270,38.72,1.0
444,1540,46.95,1.0
445,1700,51.83,2.0
446,1370,41.77,2.0
447,940,28.66,1.0
448,2180,66.46,2.0
449,1640,50.0,2.0
450,1640,50.0,1.0
451,750,22.87,1.0
452,3720,113.41,2.0
453,1950,59.45,3.0
454,2100,64.02,2.0
455,1430,43.6,1.5
456,1780,54.27,1.0
457,3550,108.23,1.5
458,1660,50.61,2.0
459,3620,110.37,2.0
460,1140,34.76,1.0
461,1330,40.55,1.0
462,1530,46.65,1.0
463,2500,76.22,1.5
464,720,21.95,1.0
465,1800,54.88,2.0
466,1640,50.0,1.0
467,2810,85.67,2.0
468,2594,79.09,2.0
469,2390,72.87,2.0
470,2690,82.01,2.0
471,1890,57.62,1.0
472,3260,99.39,2.0
473,1470,44.82,1.0
474,3710,113.11,2.0
475,2300,70.12,1.0
476,1030,31.4,2.0
477,2660,81.1,2.0
478,3390,103.35,2.0
479,3440,104.88,2.0
480,2320,70.73,1.0
481,2350,71.65,2.0
482,1830,55.79,2.0
483,1870,57.01,1.0
484,1820,55.49,1.0
485,1600,48.78,1.0
486,1810,55.18,2.0
487,3780,115.24,2.0
488,790,24.09,1.0
489,2100,64.02,1.5
490,1260,38.41,1.0
491,1330,40.55,1.0
492,940,28.66,1.0
493,1540,46.95,1.5
494,2780,84.76,3.0
495,1940,59.15,2.0
496,1060,32.32,1.5
497,1560,47.56,1.0
498,830,25.3,2.0
499,1320,40.24,1.0
500,1230,37.5,1.5
501,1210,36.89,1.0
502,3960,120.73,2.0
503,1560,47.56,1.0
504,2870,87.5,2.0
505,1390,42.38,1.0
506,1350,41.16,1.5
507,6050,184.45,2.0
508,1610,49.09,1.0
509,1490,45.43,1.5
510,2300,70.12,2.0
511,1670,50.91,1.0
512,1010,30.79,1.0
513,1860,56.71,2.0
514,910,27.74,1.0
515,1430,43.6,1.0
516,1460,44.51,1.0
517,3490,106.4,2.0
518,4860,148.17,2.0
519,2850,86.89,2.0
520,1430,43.6,1.0
521,1740,53.05,1.5
522,2510,76.52,1.0
523,1940,59.15,1.0
524,1010,30.79,1.0
525,1520,46.34,1.0
526,1920,58.54,2.0
527,2870,87.5,2.0
528,1950,59.45,1.0
529,1850,56.4,1.0
530,2190,66.77,2.0
531,1430,43.6,1.0
532,1950,59.45,1.0
533,2500,76.22,1.5
534,1470,44.82,1.0
535,1670,50.91,1.0
536,1440,43.9,1.0
537,1310,39.94,2.0
538,740,22.56,1.0
539,1210,36.89,1.0
540,2520,76.83,1.5
541,1790,54.57,2.0
542,1880,57.32,1.0
543,2350,71.65,1.5
544,2400,73.17,2.0
545,2980,90.85,2.0
546,1350,41.16,1.0
547,1500,45.73,1.5
548,2770,84.45,1.0
549,2850,86.89,2.0
550,2350,71.65,2.0
551,2180,66.46,1.0
552,2230,67.99,2.0
553,1790,54.57,1.0
554,1210,36.89,1.0
555,3200,97.56,1.0
556,1250,38.11,1.5
557,2920,89.02,2.0
558,1350,41.16,1.0
559,1810,55.18,2.0
560,1690,51.52,2.0
561,1660,50.61,2.0
562,2790,85.06,1.5
563,4970,151.52,2.0
564,1810,55.18,1.0
565,1910,58.23,1.0
566,2130,64.94,2.0
567,1270,38.72,3.0
568,2330,71.04,1.0
569,1940,59.15,2.0
570,2450,74.7,1.0
571,2450,74.7,1.0
572,2678,81.65,2.0
573,1680,51.22,1.0
574,2420,73.78,2.0
575,1000,30.49,1.0
576,1860,56.71,1.0
577,2670,81.4,1.0
578,3090,94.21,1.0
579,3160,96.34,1.5
580,1500,45.73,1.0
581,1620,49.39,2.0
582,1510,46.04,1.0
583,1240,37.8,1.0
584,2750,83.84,2.0
585,1160,35.37,1.0
586,1330,40.55,1.5
587,1950,59.45,1.0
588,1840,56.1,1.5
589,1660,50.61,1.0
590,1330,40.55,1.0
591,3930,119.82,2.0
592,1690,51.52,1.0
593,2100,64.02,2.0
594,1570,47.87,1.5
595,3470,105.79,2.0
596,1810,55.18,1.0
597,2970,90.55,2.0
598,1760,53.66,1.0
599,5350,163.11,1.0
600,1840,56.1,1.0
601,780,23.78,1.0
602,880,26.83,1.0
603,2210,67.38,1.0
604,2580,78.66,2.0
605,1730,52.74,1.0
606,2820,85.98,2.0
607,1150,35.06,2.0
608,2220,67.68,1.0
609,1140,34.76,1.0
610,1840,56.1,2.0
611,3220,98.17,2.0
612,2880,87.8,2.0
613,1820,55.49,1.0
614,1650,50.3,2.0
615,2010,61.28,2.0
616,1770,53.96,2.0
617,2280,69.51,2.0
618,830,25.3,1.0
619,2620,79.88,1.0
620,1560,47.56,1.5
621,1710,52.13,2.0
622,1130,34.45,1.0
623,2242,68.35,2.0
624,2930,89.33,2.0
625,1440,43.9,1.0
626,1232,37.56,3.0
627,2440,74.39,1.0
628,1480,45.12,1.5
629,1880,57.32,1.0
630,2620,79.88,1.5
631,790,24.09,1.0
632,3210,97.87,2.0
633,1780,54.27,1.0
634,3000,91.46,2.0
635,2440,74.39,2.0
636,1360,41.46,1.5
637,1540,46.95,1.0
638,1765,53.81,2.0
639,2530,77.13,1.0
640,3280,100.0,1.0
641,2140,65.24,3.0
642,2390,72.87,2.0
643,2610,79.57,1.0
644,1820,55.49,2.0
645,820,25.0,1.0
646,2680,81.71,2.0
647,1260,38.41,1.5
648,4050,123.48,1.0
649,1980,60.37,1.0
650,1260,38.41,1.0
651,1180,35.98,2.0
652,5150,157.01,2.0
653,1820,55.49,1.0
654,2610,79.57,3.0
655,1280,39.02,2.0
656,2530,77.13,2.5
657,1070,32.62,1.0
658,600,18.29,1.0
659,1340,40.85,1.5
660,2350,71.65,1.0
661,2800,85.37,2.0
662,4340,132.32,2.0
663,2160,65.85,2.0
664,1260,38.41,2.0
665,2890,88.11,2.0
666,4510,137.5,2.0
667,1060,32.32,1.0
668,840,25.61,1.0
669,1940,59.15,2.0
670,4610,140.55,2.0
671,1370,41.77,2.0
672,1860,56.71,2.0
673,1200,36.59,1.0
674,1290,39.33,2.0
675,3830,116.77,2.0
676,2530,77.13,2.0
677,2280,69.51,1.5
678,1410,42.99,1.5
679,1000,30.49,1.0
680,1814,55.3,1.0
681,3362,102.5,2.0
682,2010,61.28,2.0
683,2700,82.32,2.0
684,1080,32.93,1.0
685,2130,64.94,1.0
686,1180,35.98,1.0
687,1640,50.0,1.5
688,1580,48.17,3.0
689,3240,98.78,2.0
690,2550,77.74,2.0
691,2500,76.22,2.0
692,1540,46.95,2.0
693,1470,44.82,1.0
694,2153,65.64,2.0
695,1380,42.07,2.0
696,2660,81.1,1.0
697,1180,35.98,1.5
698,1060,32.32,1.0
699,1160,35.37,2.0
700,1770,53.96,2.0
701,1050,32.01,1.0
702,1680,51.22,2.0
703,1090,33.23,1.0
704,1120,34.15,1.0
705,1700,51.83,1.0
706,2140,65.24,2.0
707,1500,45.73,1.0
708,2070,63.11,2.0
709,2860,87.2,2.0
710,3190,97.26,2.0
711,2910,88.72,1.0
712,1650,50.3,1.0
713,2620,79.88,2.0
714,1770,53.96,2.0
715,2360,71.95,2.0
716,960,29.27,1.0
717,3450,105.18,2.0
718,2560,78.05,2.0
719,1120,34.15,2.0
720,1970,60.06,1.5
721,1240,37.8,1.0
722,1970,60.06,1.0
723,4850,147.87,2.0
724,2040,62.2,1.0
725,3090,94.21,2.0
726,1380,42.07,1.0
727,2770,84.45,1.0
728,2100,64.02,1.0
729,1960,59.76,1.0
730,3030,92.38,3.0
731,780,23.78,1.0
732,2060,62.8,1.5
733,2210,67.38,1.0
734,1140,34.76,1.0
735,5070,154.57,2.0
736,2190,66.77,1.0
737,4570,139.33,2.0
738,2570,78.35,2.0
739,3070,93.6,2.0
740,2130,64.94,2.0
741,2223,67.77,2.0
742,1610,49.09,1.0
743,930,28.35,1.5
744,4750,144.82,2.0
745,910,27.74,1.0
746,2300,70.12,2.0
747,970,29.57,1.0
748,2100,64.02,2.0
749,1090,33.23,1.0
750,2580,78.66,2.0
751,2900,88.41,1.0
752,1333,40.64,3.0
753,1980,60.37,1.0
754,1690,51.52,1.0
755,1960,59.76,1.0
756,3890,118.6,2.0
757,3930,119.82,2.0
758,1200,36.59,1.0
759,2330,71.04,1.5
760,3100,94.51,2.0
761,1370,41.77,1.0
762,2290,69.82,2.0
763,2790,85.06,2.0
764,1600,48.78,1.0
765,2190,66.77,2.0
766,1040,31.71,1.0
767,1552,47.32,2.0
768,1220,37.2,3.0
769,1800,54.88,1.0
770,1120,34.15,1.0
771,1894,57.74,1.5
772,2340,71.34,2.0
773,2090,63.72,1.5
774,3360,102.44,1.0
775,2020,61.59,1.0
776,1630,49.7,1.5
777,1600,48.78,1.0
778,680,20.73,1.0
779,1300,39.63,1.5
780,1940,59.15,1.0
781,1230,37.5,1.0
782,1280,39.02,1.0
783,2810,85.67,2.0
784,1050,32.01,1.0
785,1060,32.32,1.0
786,2050,62.5,2.0
787,2440,74.39,1.0
788,2020,61.59,1.0
789,1900,57.93,2.0
790,2920,89.02,2.0
791,1280,39.02,1.5
792,2140,65.24,1.0
793,800,24.39,1.0
794,2500,76.22,1.0
795,3560,108.54,2.0
796,3640,110.98,1.5
797,1320,40.24,1.0
798,1870,57.01,2.0
799,1430,43.6,1.0
800,2340,71.34,2.0
801,1990,60.67,2.0
802,3190,97.26,2.0
803,2060,62.8,2.0
804,1220,37.2,1.0
805,1480,45.12,1.0
806,2540,77.44,2.0
807,1300,39.63,2.0
808,2630,80.18,2.0
809,1560,47.56,1.0
810,2270,69.21,1.0
811,600,18.29,1.0
812,1410,42.99,1.0
813,1610,49.09,1.0
814,1930,58.84,1.0
815,2920,89.02,2.0
816,1830,55.79,1.0
817,1780,54.27,1.0
818,1390,42.38,1.0
819,2790,85.06,2.0
820,1380,42.07,1.5
821,2610,79.57,2.0
822,1420,43.29,2.0
823,1470,44.82,1.0
824,1220,37.2,1.0
825,2850,86.89,1.5
826,4590,139.94,2.0
827,1770,53.96,3.0
828,3040,92.68,2.0
829,2390,72.87,1.0
830,2820,85.98,1.0
831,1070,32.62,1.0
832,2510,76.52,1.0
833,750,22.87,1.0
834,1580,48.17,1.5
835,3080,93.9,1.0
836,1080,32.93,1.0
837,2020,61.59,2.0
838,2280,69.51,2.0
839,1990,60.67,2.0
840,1570,47.87,1.5
841,980,29.88,1.0
842,1820,55.49,3.0
843,2270,69.21,2.0
844,1970,60.06,1.0
845,2910,88.72,2.0
846,1140,34.76,2.0
847,1510,46.04,1.0
848,1470,44.82,2.0
849,970,29.57,1.0
850,2490,75.91,2.0
851,960,29.27,1.5
852,2860,87.2,2.0
853,3300,100.61,2.0
854,3070,93.6,2.0
855,3070,93.6,2.0
856,1510,46.04,1.0
857,2200,67.07,1.0
858,1490,45.43,1.0
859,1070,32.62,2.0
860,1410,42.99,1.0
861,2632,80.24,2.0
862,1220,37.2,1.0
863,2080,63.41,1.0
864,1900,57.93,1.0
865,2320,70.73,1.0
866,2220,67.68,1.0
867,1570,47.87,1.0
868,1950,59.45,2.0
869,1290,39.33,1.0
870,1420,43.29,1.0
871,1770,53.96,2.0
872,1420,43.29,3.0
873,2380,72.56,1.0
874,2850,86.89,2.0
875,1650,50.3,1.0
876,1830,55.79,1.5
877,1790,54.57,1.5
878,940,28.66,1.0
879,1820,55.49,2.0
880,2160,65.85,1.0
881,1590,48.48,1.0
882,4160,126.83,2.0
883,2880,87.8,1.0
884,1910,58.23,1.5
885,2860,87.2,1.0
886,3030,92.38,2.0
887,4140,126.22,2.0
888,2880,87.8,2.0
889,2600,79.27,1.0
890,1950,59.45,2.0
891,800,24.39,1.0
892,1410,42.99,1.0
893,880,26.83,1.0
894,1070,32.62,1.0
895,1090,33.23,1.0
896,1740,53.05,1.0
897,1010,30.79,1.0
898,3150,96.04,2.0
899,2190,66.77,1.5
900,2240,68.29,2.0
901,3320,101.22,1.0
902,1830,55.79,1.0
903,3540,107.93,2.0
904,1660,50.61,1.0
905,1060,32.32,2.0
906,1100,33.54,1.0
907,3000,91.46,1.5
908,2970,90.55,2.0
909,1610,49.09,1.5
910,1000,30.49,1.0
911,2720,82.93,2.0
912,1010,30.79,1.0
913,2820,85.98,1.0
914,680,20.73,1.0
915,2052,62.56,2.0
916,3520,107.32,1.5
917,2430,74.09,1.5
918,1620,49.39,2.0
919,1060,32.32,1.0
920,2470,75.3,2.0
921,2240,68.29,2.0
922,2330,71.04,1.0
923,1110,33.84,1.5
924,2350,71.65,2.0
925,2090,63.72,1.0
926,1100,33.54,2.0
927,1960,59.76,2.0
928,2450,74.7,2.0
929,2440,74.39,1.0
930,1340,40.85,2.0
931,2040,62.2,1.0
932,2990,91.16,2.0
933,840,25.61,1.0
934,2780,84.76,2.0
935,1310,39.94,2.0
936,790,24.09,1.0
937,3040,92.68,2.0
938,1190,36.28,2.0
939,1540,46.95,1.0
940,770,23.48,1.0
941,1670,50.91,2.0
942,2000,60.98,1.0
943,2110,64.33,1.0
944,1240,37.8,1.5
945,2540,77.44,1.0
946,1760,53.66,2.0
947,1560,47.56,1.0
948,1680,51.22,1.0
949,2820,85.98,2.0
950,1530,46.65,1.0
951,1060,32.32,1.0
952,1710,52.13,2.0
953,1350,41.16,3.0
954,1890,57.62,1.0
955,980,29.88,1.0
956,2820,85.98,2.0
957,1400,42.68,1.5
958,2250,68.6,1.0
959,2420,73.78,2.0
960,1510,46.04,2.0
961,1350,41.16,1.0
962,1630,49.7,1.0
963,1061,32.35,2.0
964,4270,130.18,2.0
965,1910,58.23,1.5
966,1150,35.06,1.0
967,2960,90.24,2.0
968,3930,119.82,2.0
969,900,27.44,1.0
970,1800,54.88,1.0
971,1560,47.56,1.0
972,1510,46.04,2.0
973,1990,60.67,1.5
974,1070,32.62,1.0
975,2060,62.8,1.0
976,2700,82.32,1.0
977,1350,41.16,1.5
978,760,23.17,1.0
979,1400,42.68,1.5
980,880,26.83,1.0
981,1552,47.32,2.0
982,1030,31.4,1.0
983,5490,167.38,2.0
984,1850,56.4,2.0
985,880,26.83,1.5
986,2100,64.02,2.0
987,1129,34.42,1.0
988,1620,49.39,1.0
989,1606,48.96,3.0
990,2780,84.76,2.0
991,2330,71.04,2.0
992,2170,66.16,2.0
993,3915,119.36,2.0
994,2370,72.26,2.0
995,2400,73.17,1.0
996,2680,81.71,1.0
997,1470,44.82,1.0
998,2310,70.43,2.0
999,2720,82.93,2.0
1000,2050,62.5,1.0
1001,1760,53.66,1.0
1002,790,24.09,1.0
1003,2220,67.68,1.0
1004,2100,64.02,1.0
1005,1000,30.49,2.0
1006,1700,51.83,2.0
1007,2080,63.41,1.0
1008,1522,46.4,2.0
1009,1180,35.98,1.0
1010,1670,50.91,1.0
1011,2430,74.09,2.0
1012,2340,71.34,1.0
1013,2360,71.95,2.0
1014,920,28.05,1.0
1015,1950,59.45,2.0
1016,1810,55.18,1.0
1017,3190,97.26,2.0
1018,2120,64.63,1.0
1019,1900,57.93,1.5
1020,1590,48.48,1.0
1021,1330,40.55,1.0
1022,3630,110.67,2.0
1023,1240,37.8,3.0
1024,2350,71.65,2.0
1025,1300,39.63,1.0
1026,1510,46.04,1.0
1027,1970,60.06,1.0
1028,2690,82.01,2.0
1029,1340,40.85,2.0
1030,2475,75.46,2.0
1031,1060,32.32,1.0
1032,800,24.39,1.0
1033,1320,40.24,1.0
1034,1160,35.37,2.0
1035,1658,50.55,2.0
1036,1250,38.11,1.0
1037,1870,57.01,2.0
1038,1350,41.16,2.0
1039,2100,64.02,1.0
1040,2640,80.49,2.0
1041,4340,132.32,2.0
1042,2050,62.5,2.0
1043,1000,30.49,1.0
1044,1180,35.98,2.0
1045,3700,112.8,1.0
1046,3250,99.09,2.0
1047,1470,44.82,1.5
1048,3080,93.9,1.0
1049,2830,86.28,2.0
1050,3720,113.41,1.0
1051,1890,57.62,2.0
1052,1730,52.74,1.5
1053,3000,91.46,2.0
1054,1290,39.33,1.0
1055,3340,101.83,1.0
1056,2700,82.32,2.0
1057,3600,109.76,2.0
1058,2680,81.71,2.0
1059,6840,208.54,2.5
1060,2730,83.23,1.0
1061,2250,68.6,2.0
1062,3900,118.9,1.0
1063,4000,121.95,2.0
1064,2570,78.35,2.0
1065,1250,38.11,2.0
1066,1450,44.21,1.0
1067,1230,37.5,1.0
1068,1860,56.71,1.5
1069,3190,97.26,1.0
1070,1360,41.46,1.5
1071,1680,51.22,1.0
1072,1950,59.45,1.0
1073,2220,67.68,1.0
1074,1370,41.77,1.0
1075,1250,38.11,1.0
1076,2100,64.02,2.0
1077,2760,84.15,2.0
1078,1760,53.66,1.0
1079,2930,89.33,1.5
1080,2250,68.6,2.0
1081,1980,60.37,1.0
1082,2050,62.5,2.0
1083,3920,119.51,2.0
1084,4110,125.3,2.0
1085,910,27.74,1.0
1086,2010,61.28,2.0
1087,1600,48.78,1.0
1088,2450,74.7,1.0
1089,1340,40.85,1.5
1090,2410,73.48,2.0
1091,2080,63.41,1.0
1092,3680,112.2,1.5
1093,2620,79.88,2.0
1094,1800,54.88,1.0
1095,3990,121.65,2.0
1096,2190,66.77,1.0
1097,4030,122.87,2.0
1098,1330,40.55,1.0
1099,1950,59.45,1.0
1100,4280,130.49,2.0
1101,1810,55.18,1.0
1102,2030,61.89,1.0
1103,2650,80.79,2.0
1104,1730,52.74,2.0
1105,1740,53.05,2.0
1106,1440,43.9,1.0
1107,1320,40.24,2.0
1108,2190,66.77,2.0
1109,1310,39.94,1.0
1110,860,26.22,2.0
1111,3100,94.51,2.0
1112,3880,118.29,2.0
1113,3730,113.72,3.0
1114,1830,55.79,2.0
1115,2520,76.83,1.0
1116,2060,62.8,1.0
1117,3500,106.71,2.0
1118,1820,55.49,1.0
1119,2430,74.09,2.0
1120,2220,67.68,2.0
1121,3450,105.18,2.0
1122,2750,83.84,1.5
1123,1390,42.38,1.5
1124,4280,130.49,2.0
1125,3690,112.5,1.0
1126,2160,65.85,2.0
1127,1560,47.56,1.0
1128,2370,72.26,2.0
1129,2710,82.62,2.0
1130,1270,38.72,1.0
1131,2120,64.63,2.0
1132,3190,97.26,2.0
1133,1540,46.95,1.0
1134,1200,36.59,1.0
1135,1540,46.95,3.0
1136,2660,81.1,1.0
1137,2720,82.93,2.0
1138,2420,73.78,1.5
1139,960,29.27,1.5
1140,1300,39.63,1.5
1141,1630,49.7,1.0
1142,2340,71.34,1.0
1143,2130,64.94,2.0
1144,1620,49.39,3.0
1145,3110,94.82,2.0
1146,2280,69.51,2.0
1147,1270,38.72,1.0
1148,1670,50.91,1.0
1149,1880,57.32,1.0
1150,1890,57.62,1.5
1151,1530,46.65,1.0
1152,3180,96.95,2.0
1153,1370,41.77,3.0
1154,2380,72.56,1.5
1155,3770,114.94,2.0
1156,1420,43.29,3.0
1157,2400,73.17,2.0
1158,1300,39.63,1.0
1159,2770,84.45,1.5
1160,2064,62.93,2.0
1161,2070,63.11,1.0
1162,1930,58.84,1.0
1163,1810,55.18,1.5
1164,1780,54.27,1.0
1165,1610,49.09,1.0
1166,1190,36.28,1.5
1167,1980,60.37,1.5
1168,1400,42.68,2.0
1169,2590,78.96,1.0
1170,4720,143.9,2.0
1171,2400,73.17,2.0
1172,1530,46.65,1.5
1173,2190,66.77,2.0
1174,2340,71.34,1.0
1175,1280,39.02,1.0
1176,850,25.91,1.0
1177,1570,47.87,2.0
1178,1540,46.95,1.0
1179,1830,55.79,2.0
1180,1010,30.79,2.0
1181,1940,59.15,1.0
1182,1260,38.41,1.0
1183,2050,62.5,1.0
1184,1380,42.07,1.0
1185,1530,46.65,1.0
1186,1140,34.76,1.5
1187,4410,134.45,3.0
1188,2140,65.24,1.0
1189,1590,48.48,3.0
1190,3000,91.46,2.0
1191,1830,55.79,1.0
1192,1200,36.59,1.0
1193,1840,56.1,1.0
1194,2230,67.99,2.0
1195,2770,84.45,2.0
1196,760,23.17,1.0
1197,1040,31.71,1.0
1198,1160,35.37,2.0
1199,1950,59.45,1.0
1200,2550,77.74,2.0
1201,1830,55.79,2.0
1202,2290,69.82,2.0
1203,2790,85.06,1.0
1204,2050,62.5,1.0
1205,1560,47.56,1.0
1206,1820,55.49,1.0
1207,3410,103.96,2.0
1208,3490,106.4,1.0
1209,1270,38.72,1.0
1210,1900,57.93,1.0
1211,2260,68.9,2.0
1212,2310,70.43,2.0
1213,1650,50.3,1.0
1214,2480,75.61,1.0
1215,1980,60.37,1.0
1216,1150,35.06,1.0
1217,1540,46.95,1.0
1218,3280,100.0,1.0
1219,1920,58.54,1.0
1220,2980,90.85,2.0
1221,1540,46.95,1.0
1222,1960,59.76,2.0
1223,2220,67.68,1.0
1224,1290,39.33,1.0
1225,1590,48.48,1.0
1226,2470,75.3,2.0
1227,4420,134.76,2.0
1228,1590,48.48,1.5
1229,1076,32.8,3.0
1230,2990,91.16,1.0
1231,1460,44.51,2.0
1232,1690,51.52,2.0
1233,970,29.57,1.0
1234,2720,82.93,2.0
1235,3950,120.43,2.0
1236,2040,62.2,1.0
1237,1050,32.01,1.0
1238,2110,64.33,2.0
1239,1690,51.52,2.0
1240,1770,53.96,1.0
1241,2760,84.15,2.0
1242,3488,106.34,2.0
1243,780,23.78,1.0
1244,2090,63.72,1.0
1245,1300,39.63,1.0
1246,2350,71.65,2.0
1247,1680,51.22,2.0
1248,1770,53.96,1.0
1249,2701,82.35,2.0
1250,1890,57.62,2.0
1251,1700,51.83,2.0
1252,2220,67.68,1.5
1253,3090,94.21,1.0
1254,1310,39.94,1.0
1255,1440,43.9,1.0
1256,2720,82.93,2.0
1257,990,30.18,2.0
1258,1950,59.45,2.0
1259,1700,51.83,1.0
1260,1650,50.3,2.0
1261,1010,30.79,3.0
1262,3200,97.56,2.0
1263,3130,95.43,2.0
1264,2420,73.78,2.0
1265,2780,84.76,2.0
1266,2110,64.33,2.0
1267,3360,102.44,2.0
1268,1240,37.8,2.0
1269,1800,54.88,1.0
1270,2150,65.55,2.0
1271,1440,43.9,2.0
1272,1200,36.59,1.0
1273,2320,70.73,1.5
1274,1800,54.88,2.0
1275,1330,40.55,1.0
1276,1400,42.68,3.0
1277,2650,80.79,1.0
1278,2450,74.7,2.0
1279,1850,56.4,2.5
1280,1570,47.87,1.0
1281,2110,64.33,1.0
1282,5010,152.74,2.0
1283,3010,91.77,2.0
1284,3700,112.8,1.0
1285,2980,90.85,1.0
1286,7120,217.07,2.0
1287,1340,40.85,1.0
1288,1900,57.93,1.5
1289,2330,71.04,1.0
1290,2990,91.16,2.0
1291,1850,56.4,2.0
1292,2810,85.67,1.5
1293,1580,48.17,1.0
1294,4280,130.49,2.0
1295,1670,50.91,2.0
1296,3655,111.43,1.0
1297,860,26.22,1.0
1298,1010,30.79,1.0
1299,1390,42.38,1.5
1300,1750,53.35,1.0
1301,1280,39.02,1.0
1302,2260,68.9,1.0
1303,2130,64.94,1.0
1304,1180,35.98,1.0
1305,3740,114.02,1.0
1306,1450,44.21,2.0
1307,1170,35.67,2.0
1308,2420,73.78,2.0
1309,1690,51.52,1.0
1310,910,27.74,1.0
1311,1350,41.16,1.0
1312,820,25.0,1.0
1313,1340,40.85,1.5
1314,2010,61.28,2.0
1315,2000,60.98,1.0
1316,2360,71.95,2.0
1317,3720,113.41,2.0
1318,880,26.83,2.0
1319,2140,65.24,2.0
1320,1180,35.98,1.0
1321,1785,54.42,2.0
1322,4420,134.76,2.0
1323,1820,55.49,1.0
1324,1900,57.93,2.0
1325,1290,39.33,1.0
1326,1800,54.88,1.5
1327,1450,44.21,2.0
1328,2440,74.39,1.0
1329,3480,106.1,1.0
1330,1220,37.2,1.5
1331,2980,90.85,2.5
1332,2580,78.66,1.0
1333,2070,63.11,2.0
1334,1000,30.49,1.0
1335,3030,92.38,1.0
1336,2320,70.73,1.5
1337,890,27.13,1.5
1338,1840,56.1,1.0
1339,2180,66.46,2.0
1340,2300,70.12,2.0
1341,5067,154.48,1.0
1342,2500,76.22,1.0
1343,1850,56.4,1.0
1344,1200,36.59,1.5
1345,1840,56.1,1.0
1346,1780,54.27,1.0
1347,4120,125.61,1.0
1348,890,27.13,1.0
1349,2760,84.15,1.0
1350,2470,75.3,2.0
1351,1910,58.23,1.0
1352,3680,112.2,1.5
1353,1760,53.66,1.0
1354,2530,77.13,2.0
1355,2470,75.3,2.0
1356,1240,37.8,1.5
1357,1900,57.93,1.0
1358,2340,71.34,1.0
1359,910,27.74,1.0
1360,2410,73.48,1.0
1361,2430,74.09,2.0
1362,1250,38.11,1.0
1363,1180,35.98,1.5
1364,2270,69.21,1.0
1365,1800,54.88,1.0
1366,3060,93.29,2.0
1367,4830,147.26,2.0
1368,1790,54.57,2.0
1369,2440,74.39,1.0
1370,920,28.05,1.5
1371,2303,70.21,2.0
1372,5860,178.66,2.0
1373,990,30.18,1.0
1374,1660,50.61,1.5
1375,2360,71.95,2.0
1376,3090,94.21,2.0
1377,1260,38.41,2.0
1378,1000,30.49,1.0
1379,1530,46.65,2.0
1380,970,29.57,2.0
1381,1390,42.38,1.5
1382,4320,131.71,1.0
1383,1690,51.52,1.0
1384,2390,72.87,1.0
1385,2520,76.83,2.0
1386,820,25.0,1.0
1387,2570,78.35,2.0
1388,2650,80.79,1.0
1389,1950,59.45,2.0
1390,1790,54.57,1.0
1391,1280,39.02,1.5
1392,680,20.73,1.0
1393,2000,60.98,1.0
1394,2330,71.04,1.5
1395,960,29.27,1.0
1396,1810,55.18,1.0
1397,1250,38.11,1.0
1398,1480,45.12,1.0
1399,1470,44.82,2.0
1400,1140,34.76,1.0
1401,1340,40.85,3.0
1402,1290,39.33,2.0
1403,1890,57.62,2.0
1404,1020,31.1,1.0
1405,1590,48.48,1.0
1406,1530,46.65,1.0
1407,1300,39.63,1.0
1408,1960,59.76,2.0
1409,1720,52.44,1.0
1410,1680,51.22,1.0
1411,3223,98.26,2.0
1412,1670,50.91,1.0
1413,3690,112.5,2.0
1414,1100,33.54,1.0
1415,1300,39.63,1.0
1416,750,22.87,1.0
1417,2440,74.39,1.5
1418,1470,44.82,1.0
1419,6160,187.8,2.0
1420,1630,49.7,1.0
1421,1150,35.06,2.0
1422,3920,119.51,2.0
1423,3670,111.89,2.0
1424,1490,45.43,1.0
1425,3410,103.96,2.0
1426,3230,98.48,2.0
1427,1790,54.57,1.0
1428,3060,93.29,2.0
1429,1850,56.4,1.0
1430,2130,64.94,2.0
1431,1260,38.41,3.0
1432,1250,38.11,1.0
1433,1660,50.61,1.0
1434,1020,31.1,2.0
1435,2160,65.85,1.0
1436,2950,89.94,2.0
1437,2720,82.93,2.0
1438,2670,81.4,1.0
1439,2050,62.5,2.0
1440,1270,38.72,2.0
1441,4210,128.35,2.0
1442,2880,87.8,2.0
1443,1370,41.77,1.0
1444,1420,43.29,1.0
1445,3360,102.44,2.0
1446,2730,83.23,2.0
1447,3190,97.26,1.0
1448,1290,39.33,3.0
1449,3550,108.23,2.0
1450,1090,33.23,2.0
1451,1410,42.99,1.0
1452,1200,36.59,1.0
1453,2020,61.59,2.0
1454,1920,58.54,1.0
1455,880,26.83,1.0
1456,1160,35.37,1.0
1457,2000,60.98,1.0
1458,1180,35.98,1.0
1459,1730,52.74,1.0
1460,3210,97.87,1.0
1461,760,23.17,1.0
1462,1490,45.43,1.5
1463,3830,116.77,2.0
1464,2610,79.57,2.0
1465,2060,62.8,2.0
1466,1630,49.7,3.0
1467,2710,82.62,2.0
1468,2500,76.22,2.0
1469,2550,77.74,2.0
1470,1590,48.48,3.0
1471,4190,127.74,2.5
1472,1010,30.79,1.0
1473,1310,39.94,1.0
1474,990,30.18,1.0
1475,2490,75.91,2.0
1476,2530,77.13,2.0
1477,2190,66.77,2.0
1478,4400,134.15,1.0
1479,1120,34.15,1.5
1480,800,24.39,2.0
1481,1646,50.18,2.0
1482,1370,41.77,1.0
1483,2310,70.43,2.0
1484,1780,54.27,1.0
1485,590,17.99,1.0
1486,2506,76.4,2.0
1487,2230,67.99,1.0
1488,2470,75.3,2.0
1489,3250,99.09,1.0
1490,1630,49.7,1.0
1491,1230,37.5,1.0
1492,1930,58.84,1.0
1493,3220,98.17,1.5
1494,2130,64.94,1.0
1495,1050,32.01,1.0
1496,2450,74.7,2.0
1497,740,22.56,1.0
1498,550,16.77,1.0
1499,2270,69.21,1.0
1500,1490,45.43,2.0
1501,1460,44.51,1.0
1502,1470,44.82,1.0
1503,1500,45.73,1.0
1504,2100,64.02,2.0
1505,1000,30.49,1.0
1506,2700,82.32,1.0
1507,1880,57.32,1.0
1508,1840,56.1,3.0
1509,2840,86.59,1.0
1510,720,21.95,1.0
1511,1450,44.21,2.0
1512,1420,43.29,1.0
1513,2820,85.98,2.0
1514,2440,74.39,1.0
1515,1390,42.38,1.0
1516,1640,50.0,1.0
1517,1740,53.05,2.0
1518,3230,98.48,2.0
1519,2440,74.39,2.0
1520,1810,55.18,2.0
1521,1310,39.94,1.0
1522,2400,73.17,1.0
1523,1680,51.22,1.0
1524,3580,109.15,1.0
1525,1350,41.16,3.0
1526,2650,80.79,1.0
1527,2920,89.02,1.0
1528,1445,44.05,2.0
1529,1080,32.93,1.0
1530,2440,74.39,2.0
1531,1480,45.12,1.0
1532,1050,32.01,1.5
1533,1990,60.67,1.0
1534,1470,44.82,1.0
1535,1540,46.95,1.0
1536,2020,61.59,1.5
1537,3740,114.02,1.5
1538,3170,96.65,1.0
1539,1700,51.83,2.0
1540,1760,53.66,1.0
1541,2160,65.85,2.0
1542,1710,52.13,2.0
1543,2110,64.33,2.0
1544,3180,96.95,2.0
1545,1020,31.1,1.0
1546,2680,81.71,1.0
1547,890,27.13,1.0
1548,1760,53.66,3.0
1549,1726,52.62,2.0
1550,1920,58.54,2.0
1551,2160,65.85,2.0
1552,970,29.57,1.0
1553,1890,57.62,1.0
1554,1170,35.67,1.0
1555,2370,72.26,1.0
1556,1370,41.77,1.5
1557,1400,42.68,1.0
1558,2290,69.82,1.0
1559,3040,92.68,1.0
1560,2150,65.55,2.0
1561,1310,39.94,1.5
1562,2360,71.95,2.0
1563,950,28.96,1.0
1564,3430,104.57,2.0
1565,1370,41.77,1.0
1566,5250,160.06,2.0
1567,3330,101.52,2.0
1568,1310,39.94,1.0
1569,1970,60.06,1.0
1570,2460,75.0,2.0
1571,2380,72.56,1.5
1572,2120,64.63,1.0
1573,2480,75.61,1.0
1574,3140,95.73,2.0
1575,2920,89.02,1.0
1576,1240,37.8,1.0
1577,1900,57.93,1.0
1578,1950,59.45,1.0
1579,1250,38.11,1.0
1580,3660,111.59,2.0
1581,2130,64.94,2.0
1582,2150,65.55,2.0
1583,4350,132.62,2.0
1584,1870,57.01,1.0
1585,1190,36.28,1.5
1586,2000,60.98,1.5
1587,2460,75.0,2.0
1588,2070,63.11,2.0
1589,3110,94.82,2.0
1590,1680,51.22,1.0
1591,2390,72.87,1.0
1592,1320,40.24,1.0
1593,1660,50.61,2.0
1594,2844,86.71,2.0
1595,980,29.88,1.0
1596,3270,99.7,2.0
1597,2190,66.77,2.0
1598,1460,44.51,1.0
1599,1800,54.88,2.0
1600,2000,60.98,1.0
1601,2070,63.11,1.5
1602,2600,79.27,1.0
1603,1970,60.06,1.0
1604,1110,33.84,3.0
1605,4460,135.98,2.0
1606,1180,35.98,1.0
1607,3430,104.57,2.0
1608,2520,76.83,1.5
1609,2020,61.59,2.0
1610,4420,134.76,2.0
1611,760,23.17,1.0
1612,1890,57.62,1.0
1613,3650,111.28,2.0
1614,2700,82.32,3.0
1615,3630,110.67,1.5
1616,1670,50.91,1.5
1617,2160,65.85,1.0
1618,2220,67.68,1.0
1619,1220,37.2,1.0
1620,1200,36.59,1.0
1621,1350,41.16,1.0
1622,2970,90.55,2.0
1623,2090,63.72,1.0
1624,1530,46.65,2.0
1625,2050,62.5,1.0
1626,2210,67.38,1.0
1627,2500,76.22,2.0
1628,2000,60.98,1.0
1629,2300,70.12,1.0
1630,1200,36.59,1.0
1631,1410,42.99,1.0
1632,2320,70.73,1.0
1633,3900,118.9,2.0
1634,2520,76.83,1.5
1635,2120,64.63,2.0
1636,1450,44.21,2.0
1637,2710,82.62,2.0
1638,2440,74.39,2.0
1639,1750,53.35,1.0
1640,2280,69.51,2.0
1641,1400,42.68,1.0
1642,3100,94.51,1.0
1643,1230,37.5,1.0
1644,3940,120.12,2.0
1645,1590,48.48,1.5
1646,2000,60.98,1.0
1647,1380,42.07,1.0
1648,2750,83.84,2.0
1649,1260,38.41,1.0
1650,894,27.26,2.0
1651,3500,106.71,2.0
1652,3040,92.68,2.0
1653,2960,90.24,2.0
1654,1610,49.09,1.0
1655,1720,52.44,1.0
1656,2640,80.49,1.5
1657,1570,47.87,2.0
1658,2380,72.56,1.0
1659,3010,91.77,2.0
1660,2100,64.02,1.0
1661,810,24.7,1.0
1662,1680,51.22,1.0
1663,2860,87.2,1.0
1664,1990,60.67,1.0
1665,2730,83.23,2.0
1666,1300,39.63,1.0
1667,1090,33.23,1.5
1668,2154,65.67,2.0
1669,900,27.44,1.0
1670,2370,72.26,2.0
1671,2990,91.16,1.0
1672,1740,53.05,2.0
1673,1620,49.39,1.0
1674,1630,49.7,2.0
1675,2240,68.29,1.0
1676,1320,40.24,2.0
1677,1080,32.93,1.0
1678,1510,46.04,2.0
1679,1270,38.72,1.0
1680,3020,92.07,1.5
1681,3270,99.7,2.0
1682,1470,44.82,1.0
1683,3290,100.3,2.0
1684,2100,64.02,1.0
1685,2340,71.34,1.0
1686,4830,147.26,2.0
1687,1070,32.62,2.0
1688,3220,98.17,2.0
1689,3230,98.48,2.0
1690,2760,84.15,2.0
1691,2460,75.0,2.0
1692,1570,47.87,1.5
1693,1220,37.2,3.0
1694,2350,71.65,1.5
1695,2530,77.13,1.5
1696,2640,80.49,1.0
1697,2830,86.28,2.0
1698,1740,53.05,1.5
1699,2760,84.15,2.0
1700,1970,60.06,1.0
1701,2100,64.02,2.0
1702,1180,35.98,1.0
1703,2180,66.46,1.0
1704,860,26.22,1.0
1705,1800,54.88,1.0
1706,1700,51.83,1.0
1707,2380,72.56,1.0
1708,1480,45.12,1.5
1709,1120,34.15,2.0
1710,720,21.95,1.0
1711,3210,97.87,1.5
1712,840,25.61,1.0
1713,2605,79.42,1.0
1714,5790,176.52,2.0
1715,1810,55.18,1.0
1716,2200,67.07,1.0
1717,1490,45.43,2.0
1718,1350,41.16,1.0
1719,4080,124.39,2.0
1720,1600,48.78,1.0
1721,1040,31.71,1.0
1722,1850,56.4,1.0
1723,1270,38.72,1.5
1724,1200,36.59,1.0
1725,3680,112.2,2.0
1726,1640,50.0,1.0
1727,1910,58.23,1.0
1728,3527,107.53,2.0
1729,2040,62.2,1.0
1730,1960,59.76,2.0
1731,500,15.24,1.0
1732,2520,76.83,1.0
1733,4300,131.1,2.0
1734,1430,43.6,3.0
1735,1030,31.4,3.0
1736,2920,89.02,1.0
1737,2310,70.43,2.0
1738,1210,36.89,1.0
1739,1060,32.32,1.0
1740,1930,58.84,1.0
1741,3360,102.44,2.0
1742,2400,73.17,2.0
1743,1680,51.22,1.0
1744,1840,56.1,2.0
1745,2800,85.37,2.0
1746,1020,31.1,1.0
1747,1250,38.11,1.0
1748,3420,104.27,1.0
1749,2120,64.63,1.0
1750,1790,54.57,1.5
1751,960,29.27,1.0
1752,2010,61.28,1.0
1753,1180,35.98,1.0
1754,1710,52.13,1.0
1755,2770,84.45,2.0
1756,1520,46.34,1.0
1757,640,19.51,1.0
1758,2620,79.88,1.0
1759,2040,62.2,1.0
1760,790,24.09,1.0
1761,1330,40.55,1.0
1762,1480,45.12,1.0
1763,2420,73.78,2.0
1764,2580,78.66,2.0
1765,2610,79.57,1.0
1766,2420,73.78,1.0
1767,1975,60.21,2.0
1768,3000,91.46,2.0
1769,4640,141.46,2.0
1770,1430,43.6,1.0
1771,970,29.57,1.0
1772,1890,57.62,1.0
1773,820,25.0,1.5
1774,1330,40.55,1.0
1775,1770,53.96,2.0
1776,4200,128.05,2.0
1777,1930,58.84,1.0
1778,1880,57.32,2.0
1779,4700,143.29,2.0
1780,1820,55.49,2.0
1781,1560,47.56,1.0
1782,3970,121.04,2.0
1783,2010,61.28,1.0
1784,2480,75.61,2.0
1785,1140,34.76,2.0
1786,2700,82.32,1.0
1787,2080,63.41,1.5
1788,2640,80.49,1.5
1789,3030,92.38,2.0
1790,4440,135.37,2.0
1791,1440,43.9,1.0
1792,2192,66.83,2.0
1793,1210,36.89,2.0
1794,3390,103.35,2.0
1795,4000,121.95,1.0
1796,1120,34.15,1.0
1797,2350,71.65,2.0
1798,1550,47.26,2.0
1799,1720,52.44,2.0
1800,2514,76.65,2.0
1801,2100,64.02,2.0
1802,1150,35.06,1.0
1803,2480,75.61,2.0
1804,2840,86.59,1.0
1805,3170,96.65,2.0
1806,4590,139.94,2.0
1807,2210,67.38,1.0
1808,3860,117.68,2.0
1809,1890,57.62,1.0
1810,1540,46.95,1.0
1811,1930,58.84,1.0
1812,3410,103.96,2.0
1813,1910,58.23,1.0
1814,2450,74.7,2.0
1815,3990,121.65,2.0
1816,4740,144.51,2.0
1817,1750,53.35,2.0
1818,1410,42.99,1.5
1819,2300,70.12,1.0
1820,4290,130.79,1.0
1821,1900,57.93,1.0
1822,2320,70.73,1.0
1823,1510,46.04,1.0
1824,1460,44.51,1.0
1825,2090,63.72,1.0
1826,1740,53.05,1.0
1827,1400,42.68,1.0
1828,1180,35.98,1.0
1829,2550,77.74,2.0
1830,1750,53.35,1.0
1831,1690,51.52,2.0
1832,3030,92.38,1.5
1833,2260,68.9,1.5
1834,2000,60.98,1.0
1835,3190,97.26,2.0
1836,1910,58.23,1.0
1837,1330,40.55,1.0
1838,1640,50.0,1.0
1839,1190,36.28,1.0
1840,1530,46.65,2.0
1841,1840,56.1,2.0
1842,820,25.0,1.0
1843,2910,88.72,2.0
1844,3010,91.77,2.0
1845,3060,93.29,2.0
1846,2300,70.12,1.0
1847,1160,35.37,1.0
1848,2330,71.04,1.0
1849,1140,34.76,1.0
1850,2540,77.44,2.0
1851,1000,30.49,1.0
1852,2690,82.01,1.5
1853,1210,36.89,2.0
1854,1270,38.72,1.0
1855,1280,39.02,2.0
1856,3420,104.27,2.0
1857,910,27.74,1.0
1858,1310,39.94,1.0
1859,3250,99.09,1.0
1860,1430,43.6,1.0
1861,3500,106.71,2.0
1862,3210,97.87,2.0
1863,3600,109.76,2.0
1864,730,22.26,1.0
1865,2230,67.99,1.0
1866,2910,88.72,2.0
1867,4490,136.89,2.0
1868,2570,78.35,1.0
1869,4370,133.23,2.0
1870,1780,54.27,2.0
1871,1530,46.65,1.0
1872,1530,46.65,1.5
1873,1800,54.88,2.0
1874,1480,45.12,1.0
1875,5860,178.66,2.0
1876,1930,58.84,2.0
1877,2830,86.28,3.0
1878,1850,56.4,2.0
1879,2240,68.29,2.0
1880,2300,70.12,1.0
1881,990,30.18,2.0
1882,3880,118.29,2.5
1883,1414,43.11,2.0
1884,1960,59.76,2.0
1885,1210,36.89,1.5
1886,1740,53.05,2.0
1887,1050,32.01,1.0
1888,2390,72.87,2.0
1889,970,29.57,1.0
1890,3310,100.91,2.0
1891,1090,33.23,1.0
1892,1020,31.1,1.0
1893,1960,59.76,2.0
1894,3090,94.21,2.5
1895,1480,45.12,2.0
1896,1280,39.02,1.5
1897,930,28.35,1.0
1898,2620,79.88,1.0
1899,1170,35.67,1.5
1900,1800,54.88,1.0
1901,1000,30.49,1.0
1902,3110,94.82,2.0
1903,1640,50.0,1.0
1904,860,26.22,1.0
1905,1880,57.32,2.0
1906,3550,108.23,1.0
1907,3870,117.99,2.0
1908,2260,68.9,2.0
1909,1810,55.18,2.0
1910,1610,49.09,1.5
1911,2410,73.48,1.0
1912,1520,46.34,2.0
1913,1410,42.99,1.0
1914,2550,77.74,1.0
1915,1620,49.39,1.5
1916,3890,118.6,2.0
1917,3470,105.79,2.0
1918,600,18.29,1.0
1919,1180,35.98,1.5
1920,1430,43.6,1.0
1921,3020,92.07,2.0
1922,1200,36.59,1.0
1923,1090,33.23,1.0
1924,1540,46.95,1.0
1925,2130,64.94,2.0
1926,1770,53.96,2.0
1927,1170,35.67,1.5
1928,2680,81.71,1.0
1929,2620,79.88,2.0
1930,1320,40.24,1.0
1931,2720,82.93,3.0
1932,1460,44.51,1.5
1933,2010,61.28,2.0
1934,2870,87.5,2.0
1935,2320,70.73,2.0
1936,1410,42.99,3.0
1937,2040,62.2,2.0
1938,4410,134.45,2.0
1939,1060,32.32,1.0
1940,720,21.95,1.0
1941,2830,86.28,2.0
1942,930,28.35,1.0
1943,2420,73.78,1.0
1944,1810,55.18,2.0
1945,1390,42.38,1.0
1946,1540,46.95,1.0
1947,2750,83.84,2.0
1948,1880,57.32,1.0
1949,1830,55.79,1.0
1950,1820,55.49,2.0
1951,2790,85.06,2.0
1952,870,26.52,1.5
1953,2000,60.98,2.0
1954,1450,44.21,1.0
1955,2650,80.79,2.0
1956,1840,56.1,1.0
1957,1450,44.21,1.0
1958,2420,73.78,2.0
1959,1160,35.37,1.0
1960,1730,52.74,1.0
1961,2470,75.3,1.0
1962,2100,64.02,1.5
1963,2330,71.04,1.0
1964,1930,58.84,1.0
1965,2420,73.78,2.0
1966,2770,84.45,2.0
1967,1280,39.02,1.0
1968,730,22.26,1.0
1969,940,28.66,1.0
1970,1960,59.76,1.0
1971,3490,106.4,2.0
1972,1330,40.55,1.0
1973,1280,39.02,2.0
1974,1230,37.5,2.0
1975,2890,88.11,2.0
1976,1390,42.38,2.0
1977,2070,63.11,2.0
1978,1690,51.52,1.5
1979,2920,89.02,3.0
1980,1570,47.87,2.0
1981,920,28.05,1.0
1982,1630,49.7,2.0
1983,1600,48.78,1.0
1984,1920,58.54,1.0
1985,1890,57.62,1.5
1986,2643,80.58,2.0
1987,1230,37.5,1.0
1988,1620,49.39,1.0
1989,1010,30.79,1.0
1990,2030,61.89,2.0
1991,1350,41.16,3.0
1992,2110,64.33,2.0
1993,2440,74.39,2.0
1994,1480,45.12,1.0
1995,380,11.59,1.0
1996,1570,47.87,1.0
1997,3860,117.68,2.0
1998,1140,34.76,1.0
1999,1580,48.17,2.0
2000,1520,46.34,1.0
2001,2760,84.15,2.5
2002,2250,68.6,2.0
2003,3500,106.71,2.0
2004,1550,47.26,1.0
2005,3000,91.46,2.0
2006,3170,96.65,2.0
2007,1330,40.55,1.0
2008,2470,75.3,1.0
2009,760,23.17,1.0
2010,1656,50.49,1.0
2011,2390,72.87,2.0
2012,1300,39.63,1.5
2013,1070,32.62,3.0
2014,2520,76.83,2.0
2015,3420,104.27,2.0
2016,2290,69.82,1.0
2017,1410,42.99,1.0
2018,3150,96.04,1.0
2019,1650,50.3,3.0
2020,2720,82.93,1.0
2021,1250,38.11,1.0
2022,1240,37.8,1.0
2023,2180,66.46,2.0
2024,2180,66.46,1.0
2025,3180,96.95,2.0
2026,1170,35.67,1.0
2027,1870,57.01,1.0
2028,2110,64.33,2.0
2029,1610,49.09,1.0
2030,1995,60.82,3.0
2031,1690,51.52,1.0
2032,1710,52.13,2.0
2033,2240,68.29,1.0
2034,860,26.22,1.0
2035,1000,30.49,1.0
2036,1900,57.93,2.0
2037,1420,43.29,1.0
2038,1100,33.54,1.0
2039,1200,36.59,2.0
2040,1610,49.09,2.0
2041,2730,83.23,1.0
2042,1530,46.65,2.0
2043,4100,125.0,2.0
2044,2290,69.82,2.0
2045,1510,46.04,1.0
2046,1320,40.24,3.0
2047,1820,55.49,1.0
2048,1570,47.87,1.0
2049,1824,55.61,1.0
2050,2520,76.83,2.0
2051,1000,30.49,1.0
2052,2170,66.16,2.0
2053,1430,43.6,1.0
2054,1040,31.71,1.5
2055,3300,100.61,2.0
2056,1010,30.79,1.0
2057,3610,110.06,2.0
2058,1070,32.62,1.0
2059,1930,58.84,1.0
2060,3140,95.73,2.0
2061,2300,70.12,1.0
2062,2380,72.56,2.0
2063,1460,44.51,2.0
2064,2210,67.38,1.0
2065,1220,37.2,1.0
2066,1750,53.35,2.0
2067,1080,32.93,1.5
2068,1980,60.37,1.0
2069,2120,64.63,1.0
2070,1850,56.4,2.0
2071,1260,38.41,1.0
2072,1530,46.65,1.0
2073,2960,90.24,2.0
2074,1690,51.52,1.0
2075,1650,50.3,1.0
2076,660,20.12,1.0
2077,3530,107.62,2.0
2078,1640,50.0,1.0
2079,1660,50.61,1.0
2080,930,28.35,1.0
2081,1680,51.22,1.0
2082,1140,34.76,1.0
2083,2330,71.04,1.5
2084,2880,87.8,1.0
2085,430,13.11,1.0
2086,1660,50.61,1.0
2087,3110,94.82,2.0
2088,2910,88.72,2.0
2089,1400,42.68,1.0
2090,1400,42.68,2.0
2091,1350,41.16,1.0
2092,2190,66.77,2.0
2093,2560,78.05,1.0
2094,1220,37.2,1.0
2095,2380,72.56,2.0
2096,2480,75.61,1.0
2097,1940,59.15,2.0
2098,1560,47.56,1.0
2099,1440,43.9,1.0
2100,1060,32.32,1.0
2101,1370,41.77,1.0
2102,3720,113.41,1.0
2103,1410,42.99,3.0
2104,2270,69.21,1.0
2105,1780,54.27,1.5
2106,1320,40.24,1.0
2107,670,20.43,1.0
2108,1910,58.23,2.0
2109,1110,33.84,1.0
2110,1720,52.44,2.0
2111,2750,83.84,2.0
2112,2350,71.65,1.0
2113,2980,90.85,2.0
2114,1890,57.62,1.5
2115,1620,49.39,2.0
2116,2100,64.02,2.0
2117,1930,58.84,2.0
2118,2830,86.28,2.0
2119,5470,166.77,2.0
2120,1140,34.76,1.0
2121,2090,63.72,2.0
2122,1420,43.29,1.5
2123,2406,73.35,2.0
2124,3180,96.95,1.0
2125,2340,71.34,2.0
2126,850,25.91,1.0
2127,2310,70.43,2.0
2128,2320,70.73,1.0
2129,2540,77.44,1.0
2130,4060,123.78,2.0
2131,1510,46.04,1.0
2132,1730,52.74,1.0
2133,2000,60.98,1.5
2134,1220,37.2,1.0
2135,3420,104.27,2.0
2136,3900,118.9,1.0
2137,3050,92.99,1.0
2138,1030,31.4,1.0
2139,910,27.74,1.0
2140,1820,55.49,2.0
2141,1700,51.83,1.0
2142,1500,45.73,1.0
2143,1780,54.27,2.0
2144,920,28.05,1.0
2145,1340,40.85,1.0
2146,1570,47.87,1.0
2147,1010,30.79,1.0
2148,2810,85.67,2.0
2149,2050,62.5,1.0
2150,2770,84.45,2.0
2151,900,27.44,1.0
2152,2560,78.05,2.0
2153,2230,67.99,2.0
2154,3050,92.99,2.0
2155,2880,87.8,1.0
2156,2400,73.17,2.0
2157,1510,46.04,1.0
2158,1540,46.95,2.0
2159,1110,33.84,3.0
2160,1850,56.4,2.0
2161,2206,67.26,1.0
2162,2930,89.33,1.0
2163,1390,42.38,1.0
2164,1340,40.85,1.0
2165,2520,76.83,1.0
2166,1780,54.27,1.0
2167,1560,47.56,1.0
2168,2420,73.78,1.0
2169,4150,126.52,1.0
2170,2380,72.56,1.0
2171,2160,65.85,1.5
2172,920,28.05,1.0
2173,3670,111.89,2.0
2174,1970,60.06,1.5
2175,1150,35.06,1.0
2176,2090,63.72,1.0
2177,1360,41.46,2.0
2178,2030,61.89,1.0
2179,1320,40.24,1.0
2180,2620,79.88,1.5
2181,2020,61.59,1.5
2182,3870,117.99,2.0
2183,2350,71.65,2.0
2184,1760,53.66,1.0
2185,2680,81.71,2.0
2186,2280,69.51,2.0
2187,1590,48.48,1.0
2188,2920,89.02,2.0
2189,1140,34.76,1.0
2190,3190,97.26,2.0
2191,1630,49.7,1.0
2192,4300,131.1,2.0
2193,1420,43.29,1.0
2194,3460,105.49,2.0
2195,3920,119.51,2.0
2196,1790,54.57,1.0
2197,2370,72.26,1.0
2198,2130,64.94,2.0
2199,860,26.22,1.5
2200,3610,110.06,2.0
2201,2753,83.93,1.0
2202,1290,39.33,3.0
2203,1850,56.4,1.0
2204,920,28.05,1.0
2205,3080,93.9,2.0
2206,2480,75.61,2.0
2207,1280,39.02,1.0
2208,1450,44.21,1.0
2209,1500,45.73,1.0
2210,1660,50.61,3.0
2211,1390,42.38,1.0
2212,1530,46.65,2.0
2213,1820,55.49,2.0
2214,1140,34.76,1.5
2215,4230,128.96,2.0
2216,3080,93.9,2.0
2217,2700,82.32,1.5
2218,1400,42.68,1.5
2219,1290,39.33,1.0
2220,1890,57.62,1.5
2221,1650,50.3,1.0
2222,1820,55.49,1.0
2223,1700,51.83,1.5
2224,3910,119.21,2.0
2225,2670,81.4,2.0
2226,2500,76.22,1.0
2227,1330,40.55,1.0
2228,2180,66.46,1.0
2229,2390,72.87,1.0
2230,1720,52.44,1.0
2231,1680,51.22,2.0
2232,2210,67.38,1.0
2233,2420,73.78,1.0
2234,4890,149.09,2.0
2235,1480,45.12,1.0
2236,1300,39.63,3.0
2237,1280,39.02,1.0
2238,2180,66.46,1.0
2239,1400,42.68,3.0
2240,4290,130.79,1.0
2241,1870,57.01,1.0
2242,1690,51.52,1.0
2243,1380,42.07,1.0
2244,2660,81.1,2.0
2245,1860,56.71,1.0
2246,3010,91.77,2.0
2247,3180,96.95,2.0
2248,1500,45.73,1.0
2249,1120,34.15,1.0
2250,1740,53.05,1.0
2251,2180,66.46,2.0
2252,2250,68.6,2.0
2253,1940,59.15,1.5
2254,3680,112.2,2.0
2255,1020,31.1,1.0
2256,1170,35.67,1.0
2257,1920,58.54,1.5
2258,1970,60.06,1.0
2259,1540,46.95,1.0
2260,1930,58.84,2.0
2261,1670,50.91,1.0
2262,1430,43.6,1.0
2263,2160,65.85,2.0
2264,2980,90.85,2.0
2265,830,25.3,2.0
2266,1300,39.63,1.0
2267,1200,36.59,1.0
2268,3420,104.27,1.0
2269,1150,35.06,3.0
2270,1350,41.16,1.0
2271,1800,54.88,1.0
2272,1680,51.22,1.0
2273,1220,37.2,1.0
2274,1680,51.22,1.0
2275,3740,114.02,2.0
2276,3040,92.68,2.0
2277,2650,80.79,1.5
2278,2560,78.05,2.0
2279,1860,56.71,1.0
2280,1370,41.77,1.0
2281,1610,49.09,2.0
2282,3280,100.0,2.0
2283,2200,67.07,2.0
2284,1720,52.44,2.0
2285,2283,69.6,2.0
2286,1000,30.49,1.0
2287,1290,39.33,1.0
2288,960,29.27,1.0
2289,1470,44.82,3.0
2290,850,25.91,1.0
2291,2510,76.52,2.0
2292,1358,41.4,3.0
2293,1220,37.2,1.0
2294,1860,56.71,2.0
2295,2240,68.29,1.0
2296,1010,30.79,1.0
2297,2701,82.35,2.0
2298,1020,31.1,3.0
2299,1440,43.9,1.0
2300,2490,75.91,2.0
2301,2940,89.63,2.0
2302,2840,86.59,2.0
2303,1860,56.71,1.0
2304,1540,46.95,1.5
2305,2160,65.85,1.0
2306,1100,33.54,1.0
2307,690,21.04,1.0
2308,1850,56.4,1.5
2309,1020,31.1,1.0
2310,3090,94.21,1.0
2311,3070,93.6,2.0
2312,1060,32.32,2.0
2313,2160,65.85,3.0
2314,770,23.48,1.0
2315,3400,103.66,2.0
2316,1730,52.74,1.0
2317,1160,35.37,1.0
2318,1520,46.34,1.0
2319,2200,67.07,1.0
2320,1830,55.79,2.0
2321,2740,83.54,2.0
2322,4420,134.76,2.0
2323,1940,59.15,1.5
2324,2150,65.55,1.0
2325,1880,57.32,1.0
2326,1150,35.06,1.0
2327,6380,194.51,2.0
2328,3940,120.12,2.0
2329,1930,58.84,2.0
2330,1440,43.9,1.0
2331,3620,110.37,2.0
2332,910,27.74,1.5
2333,2850,86.89,2.0
2334,4160,126.83,2.0
2335,2300,70.12,2.0
2336,2100,64.02,2.0
2337,1440,43.9,1.0
2338,1600,48.78,2.0
2339,2620,79.88,2.0
2340,2630,80.18,1.5
2341,1360,41.46,1.0
2342,1780,54.27,1.0
2343,4020,122.56,2.0
2344,2410,73.48,1.5
2345,2090,63.72,2.0
2346,3440,104.88,2.0
2347,1100,33.54,1.0
2348,1240,37.8,1.0
2349,1550,47.26,1.0
2350,2500,76.22,2.0
2351,2660,81.1,2.0
2352,1870,57.01,1.0
2353,2630,80.18,1.0
2354,4870,148.48,2.0
2355,4150,126.52,3.0
2356,1560,47.56,1.0
2357,1820,55.49,1.0
2358,2120,64.63,2.0
2359,2920,89.02,2.0
2360,1230,37.5,1.0
2361,1570,47.87,2.0
2362,1530,46.65,1.0
2363,1360,41.46,2.0
2364,3970,121.04,2.0
2365,2730,83.23,2.5
2366,2180,66.46,2.0
2367,1190,36.28,1.0
2368,2960,90.24,2.0
2369,1500,45.73,2.0
2370,2520,76.83,1.0
2371,2530,77.13,2.0
2372,1380,42.07,1.0
2373,4360,132.93,1.0
2374,1070,32.62,2.0
2375,4360,132.93,2.5
2376,2025,61.74,2.0
2377,1290,39.33,3.0
2378,990,30.18,1.0
2379,1770,53.96,3.0
2380,1608,49.02,2.0
2381,2250,68.6,1.0
2382,1520,46.34,1.0
2383,2590,78.96,1.0
2384,1940,59.15,1.0
2385,2530,77.13,1.0
2386,1690,51.52,2.0
2387,2910,88.72,2.0
2388,1790,54.57,1.0
2389,1100,33.54,1.0
2390,2980,90.85,1.5
2391,2700,82.32,2.0
2392,1030,31.4,1.0
2393,3550,108.23,2.0
2394,2220,67.68,1.5
2395,1980,60.37,2.0
2396,2588,78.9,2.0
2397,3290,100.3,2.0
2398,2320,70.73,1.5
2399,2110,64.33,1.0
2400,1960,59.76,1.0
2401,2590,78.96,2.0
2402,2210,67.38,2.0
2403,1950,59.45,1.0
2404,2420,73.78,2.0
2405,1800,54.88,1.0
2406,2870,87.5,2.0
2407,3330,101.52,2.0
2408,830,25.3,2.0
2409,1840,56.1,2.0
2410,2280,69.51,1.0
2411,1440,43.9,1.5
2412,1580,48.17,1.0
2413,2300,70.12,2.0
2414,2330,71.04,2.0
2415,3050,92.99,2.0
2416,1550,47.26,1.0
2417,3400,103.66,2.0
2418,2430,74.09,2.0
2419,1280,39.02,2.0
2420,3060,93.29,1.0
2421,2040,62.2,2.0
2422,2450,74.7,1.0
2423,1654,50.43,2.0
2424,1320,40.24,1.0
2425,2360,71.95,1.0
2426,2750,83.84,2.0
2427,2260,68.9,1.0
2428,1810,55.18,1.0
2429,4120,125.61,2.0
2430,3080,93.9,1.0
2431,2030,61.89,1.5
2432,1880,57.32,1.0
2433,1070,32.62,1.0
2434,1140,34.76,1.0
2435,3430,104.57,2.0
2436,1620,49.39,3.0
2437,2860,87.2,2.0
2438,1560,47.56,1.0
2439,2770,84.45,2.0
2440,1560,47.56,1.0
2441,1720,52.44,1.0
2442,1660,50.61,2.0
2443,1670,50.91,1.5
2444,1820,55.49,1.0
2445,2680,81.71,1.0
2446,3330,101.52,1.0
2447,3030,92.38,1.0
2448,1430,43.6,1.0
2449,2420,73.78,2.0
2450,2320,70.73,2.0
2451,2550,77.74,2.0
2452,2200,67.07,1.0
2453,1540,46.95,2.0
2454,2210,67.38,1.0
2455,1660,50.61,1.0
2456,3060,93.29,2.0
2457,3700,112.8,2.0
2458,1100,33.54,1.0
2459,1550,47.26,2.0
2460,2500,76.22,2.0
2461,1430,43.6,1.0
2462,4010,122.26,2.0
2463,1250,38.11,1.0
2464,1110,33.84,1.5
2465,1946,59.33,2.0
2466,2880,87.8,1.0
2467,1710,52.13,1.0
2468,2260,68.9,1.5
2469,2720,82.93,2.0
2470,1350,41.16,1.0
2471,1330,40.55,3.0
2472,1570,47.87,2.5
2473,2510,76.52,2.0
2474,2290,69.82,2.0
2475,1950,59.45,1.0
2476,820,25.0,1.0
2477,3220,98.17,2.0
2478,1451,44.24,1.0
2479,740,22.56,1.0
2480,2030,61.89,1.0
2481,1880,57.32,1.0
2482,1530,46.65,1.5
2483,4100,125.0,2.0
2484,780,23.78,1.0
2485,1180,35.98,2.0
2486,740,22.56,1.0
2487,1690,51.52,1.0
2488,2810,85.67,2.0
2489,2530,77.13,2.0
2490,2000,60.98,2.0
2491,1790,54.57,1.0
2492,1260,38.41,1.0
2493,1220,37.2,2.5
2494,720,21.95,1.0
2495,1150,35.06,1.0
2496,1130,34.45,1.0
2497,2860,87.2,1.0
2498,1008,30.73,1.0
2499,2040,62.2,2.0
2500,1660,50.61,1.5
2501,2630,80.18,2.0
2502,3430,104.57,1.5
2503,1030,31.4,1.0
2504,1360,41.46,1.0
2505,2000,60.98,2.0
2506,1790,54.57,1.0
2507,1020,31.1,3.0
2508,1640,50.0,1.5
2509,1960,59.76,1.0
2510,3110,94.82,2.0
2511,840,25.61,1.0
2512,1830,55.79,1.5
2513,4670,142.38,2.0
2514,2015,61.43,2.0
2515,2600,79.27,1.0
2516,2280,69.51,1.5
2517,1810,55.18,1.0
2518,2320,70.73,2.0
2519,1650,50.3,2.0
2520,2020,61.59,1.0
2521,1870,57.01,1.0
2522,820,25.0,1.0
2523,1120,34.15,1.0
2524,2480,75.61,2.0
2525,1230,37.5,1.0
2526,2140,65.24,1.0
2527,1550,47.26,2.0
2528,1470,44.82,2.0
2529,1060,32.32,1.0
2530,1800,54.88,1.0
2531,2100,64.02,1.0
2532,790,24.09,1.0
2533,4060,123.78,2.0
2534,3830,116.77,2.0
2535,1660,50.61,1.0
2536,1770,53.96,2.0
2537,2540,77.44,1.0
2538,2330,71.04,1.0
2539,4645,141.62,2.0
2540,2420,73.78,1.0
2541,1110,33.84,1.0
2542,1250,38.11,1.0
2543,1560,47.56,1.0
2544,960,29.27,1.0
2545,2190,66.77,1.0
2546,3000,91.46,2.0
2547,1870,57.01,2.0
2548,1240,37.8,1.0
2549,1870,57.01,2.0
2550,4190,127.74,2.0
2551,1130,34.45,1.0
2552,2860,87.2,2.0
2553,3090,94.21,2.0
2554,1131,34.48,3.0
2555,3980,121.34,2.0
2556,670,20.43,1.0
2557,1400,42.68,1.0
2558,1430,43.6,1.0
2559,1380,42.07,1.0
2560,2100,64.02,1.0
2561,1410,42.99,1.5
2562,1670,50.91,1.0
2563,1910,58.23,1.0
2564,2470,75.3,1.0
2565,3660,111.59,2.0
2566,1880,57.32,1.5
2567,2770,84.45,1.5
2568,3150,96.04,2.0
2569,2070,63.11,1.0
2570,2790,85.06,2.0
2571,1650,50.3,3.0
2572,2770,84.45,2.0
2573,2580,78.66,2.0
2574,2450,74.7,2.0
2575,2020,61.59,1.5
2576,1400,42.68,1.0
2577,1360,41.46,1.0
2578,1930,58.84,2.0
2579,2250,68.6,1.0
2580,2650,80.79,2.0
2581,2610,79.57,2.0
2582,1260,38.41,1.0
2583,2010,61.28,1.0
2584,1950,59.45,1.0
2585,1230,37.5,1.0
2586,1800,54.88,2.0
2587,4080,124.39,2.0
2588,1600,48.78,2.0
2589,2200,67.07,1.0
2590,2340,71.34,2.0
2591,1770,53.96,1.0
2592,960,29.27,1.0
2593,2630,80.18,2.0
2594,2240,68.29,2.0
2595,1370,41.77,1.0
2596,1490,45.43,1.0
2597,1010,30.79,1.0
2598,2230,67.99,1.0
2599,1410,42.99,1.0
2600,2470,75.3,1.5
2601,1350,41.16,1.0
2602,2070,63.11,2.0
2603,1560,47.56,1.5
2604,790,24.09,1.0
2605,4065,123.93,2.0
2606,2620,79.88,2.0
2607,1370,41.77,2.0
2608,2710,82.62,2.0
2609,2540,77.44,1.0
2610,2050,62.5,2.0
2611,2590,78.96,1.0
2612,1220,37.2,1.0
2613,2040,62.2,2.0
2614,1330,40.55,1.0
2615,1640,50.0,1.0
2616,2460,75.0,1.0
2617,1240,37.8,1.5
2618,2610,79.57,2.0
2619,2930,89.33,2.0
2620,1700,51.83,2.0
2621,1995,60.82,2.0
2622,3670,111.89,2.0
2623,1410,42.99,1.5
2624,1340,40.85,1.0
2625,1700,51.83,1.0
2626,3580,109.15,2.0
2627,2820,85.98,2.0
2628,2590,78.96,1.0
2629,2100,64.02,1.0
2630,1710,52.13,2.0
2631,3420,104.27,2.0
2632,1700,51.83,2.0
2633,2340,71.34,1.0
2634,1810,55.18,1.0
2635,1970,60.06,1.0
2636,2520,76.83,2.0
2637,1090,33.23,1.0
2638,1920,58.54,2.0
2639,810,24.7,1.0
2640,3890,118.6,2.0
2641,1820,55.49,1.0
2642,3320,101.22,2.0
2643,2020,61.59,2.0
2644,2020,61.59,2.0
2645,1340,40.85,1.0
2646,2850,86.89,1.0
2647,1200,36.59,3.0
2648,3090,94.21,2.0
2649,1610,49.09,1.0
2650,680,20.73,1.0
2651,1890,57.62,1.0
2652,910,27.74,1.0
2653,4500,137.2,2.0
2654,2130,64.94,1.0
2655,3030,92.38,2.0
2656,4883,148.87,2.0
2657,1350,41.16,1.0
2658,1540,46.95,1.0
2659,820,25.0,1.0
2660,2700,82.32,2.0
2661,2320,70.73,1.0
2662,2200,67.07,2.0
2663,2070,63.11,1.5
2664,2400,73.17,1.0
2665,1560,47.56,2.0
2666,2100,64.02,2.0
2667,910,27.74,1.0
2668,1890,57.62,1.0
2669,2410,73.48,2.0
2670,1580,48.17,1.0
2671,2140,65.24,1.0
2672,2000,60.98,2.0
2673,970,29.57,1.0
2674,2990,91.16,2.0
2675,1490,45.43,1.0
2676,1990,60.67,1.0
2677,2650,80.79,2.0
2678,1445,44.05,2.0
2679,2330,71.04,2.0
2680,3120,95.12,2.0
2681,2550,77.74,2.0
2682,2140,65.24,1.5
2683,2270,69.21,2.0
2684,2150,65.55,1.0
2685,2130,64.94,1.0
2686,1700,51.83,1.5
2687,1870,57.01,2.0
2688,790,24.09,1.0
2689,3060,93.29,1.0
2690,3220,98.17,2.0
2691,2590,78.96,2.0
2692,1430,43.6,1.5
2693,1830,55.79,2.0
2694,1020,31.1,1.0
2695,2420,73.78,2.0
2696,3100,94.51,1.0
2697,930,28.35,1.0
2698,2080,63.41,1.0
2699,1140,34.76,1.5
2700,3410,103.96,1.0
2701,1510,46.04,1.0
2702,2730,83.23,2.0
2703,2810,85.67,2.0
2704,1010,30.79,1.0
2705,1960,59.76,1.0
2706,3190,97.26,2.0
2707,960,29.27,2.0
2708,1550,47.26,2.0
2709,3220,98.17,2.0
2710,1930,58.84,2.0
2711,2220,67.68,2.0
2712,1670,50.91,1.0
2713,1780,54.27,2.0
2714,2610,79.57,2.0
2715,1980,60.37,2.0
2716,1960,59.76,1.0
2717,2150,65.55,2.0
2718,2500,76.22,1.0
2719,3630,110.67,2.0
2720,1400,42.68,1.0
2721,1760,53.66,1.0
2722,2390,72.87,2.0
2723,2040,62.2,2.0
2724,1570,47.87,1.0
2725,2350,71.65,2.0
2726,1010,30.79,1.0
2727,2540,77.44,1.5
2728,2290,69.82,1.0
2729,1130,34.45,1.0
2730,1890,57.62,2.0
2731,2080,63.41,1.0
2732,2230,67.99,1.0
2733,930,28.35,2.0
2734,1747,53.26,2.5
2735,2320,70.73,2.0
2736,3190,97.26,2.0
2737,720,21.95,1.0
2738,3010,91.77,2.0
2739,1200,36.59,1.0
2740,3260,99.39,2.0
2741,1560,47.56,1.5
2742,720,21.95,1.0
2743,2240,68.29,1.0
2744,1770,53.96,2.0
2745,1920,58.54,1.0
2746,1700,51.83,1.0
2747,2130,64.94,1.0
2748,1730,52.74,1.0
2749,1550,47.26,2.0
2750,2510,76.52,2.0
2751,2780,84.76,2.0
2752,2510,76.52,2.0
2753,1610,49.09,1.5
2754,2780,84.76,2.0
2755,2340,71.34,1.0
2756,3340,101.83,2.0
2757,3660,111.59,2.0
2758,6490,197.87,2.0
2759,3760,114.63,2.0
2760,1270,38.72,1.0
2761,1320,40.24,1.0
2762,4370,133.23,2.0
2763,2810,85.67,2.0
2764,1770,53.96,1.5
2765,2000,60.98,2.0
2766,2330,71.04,1.0
2767,1640,50.0,1.0
2768,1410,42.99,1.5
2769,2029,61.86,2.0
2770,1580,48.17,1.0
2771,1700,51.83,2.0
2772,3420,104.27,1.0
2773,1190,36.28,1.5
2774,1730,52.74,1.0
2775,1580,48.17,1.0
2776,1370,41.77,1.0
2777,1390,42.38,1.5
2778,2380,72.56,1.0
2779,3160,96.34,2.0
2780,5360,163.41,1.0
2781,1900,57.93,1.0
2782,1400,42.68,1.0
2783,900,27.44,1.0
2784,2320,70.73,1.0
2785,2510,76.52,2.0
2786,2950,89.94,1.5
2787,2050,62.5,2.0
2788,3670,111.89,1.5
2789,1230,37.5,1.0
2790,3940,120.12,1.5
2791,1000,30.49,1.0
2792,1380,42.07,1.5
2793,2510,76.52,2.0
2794,1770,53.96,1.0
2795,3880,118.29,2.0
2796,1370,41.77,1.0
2797,900,27.44,1.0
2798,1510,46.04,1.0
2799,1740,53.05,1.5
2800,1900,57.93,1.0
2801,2120,64.63,1.0
2802,2260,68.9,1.5
2803,2550,77.74,2.0
2804,1900,57.93,1.5
2805,2210,67.38,1.5
2806,1630,49.7,2.0
2807,1160,35.37,1.0
2808,2030,61.89,1.0
2809,2250,68.6,2.0
2810,1830,55.79,1.0
2811,1860,56.71,2.0
2812,3400,103.66,2.0
2813,1140,34.76,2.0
2814,2850,86.89,1.0
2815,1900,57.93,2.0
2816,1440,43.9,1.0
2817,1270,38.72,1.0
2818,1060,32.32,1.0
2819,1150,35.06,1.0
2820,2220,67.68,1.0
2821,2150,65.55,2.0
2822,1410,42.99,1.0
2823,1460,44.51,1.0
2824,2710,82.62,2.0
2825,1950,59.45,1.0
2826,2350,71.65,2.0
2827,1780,54.27,2.0
2828,1728,52.68,1.0
2829,1210,36.89,1.5
2830,1660,50.61,1.0
2831,2890,88.11,2.0
2832,1550,47.26,1.0
2833,1540,46.95,1.0
2834,1890,57.62,1.0
2835,2460,75.0,2.0
2836,2300,70.12,1.0
2837,2600,79.27,1.0
2838,2430,74.09,1.0
2839,2440,74.39,2.0
2840,2200,67.07,2.0
2841,1560,47.56,2.0
2842,4225,128.81,2.0
2843,1810,55.18,2.0
2844,1250,38.11,1.0
2845,2490,75.91,1.0
2846,2710,82.62,2.0
2847,2310,70.43,1.0
2848,1600,48.78,1.0
2849,1870,57.01,2.0
2850,1070,32.62,1.0
2851,2520,76.83,2.0
2852,1650,50.3,1.0
2853,1980,60.37,2.0
2854,2100,64.02,1.0
2855,3120,95.12,2.0
2856,2810,85.67,2.0
2857,2710,82.62,1.0
2858,1620,49.39,1.0
2859,1130,34.45,1.0
2860,1730,52.74,1.0
2861,1840,56.1,1.0
2862,2340,71.34,2.0
2863,1800,54.88,1.0
2864,1230,37.5,1.5
2865,1590,48.48,1.0
2866,720,21.95,1.0
2867,1980,60.37,1.0
2868,940,28.66,1.0
2869,2380,72.56,2.0
2870,2630,80.18,2.0
2871,1510,46.04,1.5
2872,1810,55.18,2.0
2873,1500,45.73,1.0
2874,2340,71.34,2.0
2875,1040,31.71,1.0
2876,2830,86.28,2.0
2877,3420,104.27,1.5
2878,4200,128.05,2.0
2879,1880,57.32,1.0
2880,1420,43.29,1.0
2881,2560,78.05,1.0
2882,1200,36.59,1.0
2883,1620,49.39,1.0
2884,1470,44.82,1.0
2885,1030,31.4,1.0
2886,1210,36.89,1.0
2887,680,20.73,1.0
2888,2000,60.98,2.0
2889,940,28.66,1.0
2890,5230,159.45,2.0
2891,2120,64.63,2.0
2892,2020,61.59,1.0
2893,2180,66.46,1.0
2894,1170,35.67,1.0
2895,1640,50.0,1.0
2896,2990,91.16,2.0
2897,1690,51.52,1.0
2898,2350,71.65,1.5
2899,2240,68.29,1.0
2900,3120,95.12,1.0
2901,3890,118.6,2.0
2902,1510,46.04,1.0
2903,3080,93.9,2.0
2904,1670,50.91,2.0
2905,1260,38.41,1.0
2906,1490,45.43,1.0
2907,1150,35.06,1.0
2908,1050,32.01,1.0
2909,3720,113.41,2.0
2910,2880,87.8,2.0
2911,1260,38.41,1.0
2912,670,20.43,1.0
2913,2490,75.91,2.0
2914,1910,58.23,1.0
2915,1280,39.02,1.0
2916,2770,84.45,2.0
2917,1400,42.68,1.0
2918,1950,59.45,1.0
2919,2290,69.82,1.0
2920,3150,96.04,2.0
2921,2240,68.29,1.5
2922,2080,63.41,1.5
2923,1750,53.35,1.5
2924,1600,48.78,1.5
2925,4940,150.61,1.0
2926,1800,54.88,1.0
2927,1180,35.98,1.0
2928,1820,55.49,1.0
2929,960,29.27,1.0
2930,1580,48.17,2.0
2931,1890,57.62,1.0
2932,3520,107.32,2.0
2933,1930,58.84,2.0
2934,2530,77.13,1.5
2935,1770,53.96,2.0
2936,960,29.27,1.0
2937,2290,69.82,1.0
2938,1640,50.0,1.0
2939,7320,223.17,2.0
2940,2730,83.23,2.0
2941,1780,54.27,1.0
2942,2990,91.16,2.0
2943,980,29.88,1.0
2944,1300,39.63,1.0
2945,2610,79.57,1.0
2946,2150,65.55,2.0
2947,1640,50.0,1.0
2948,1300,39.63,1.5
2949,1800,54.88,1.0
2950,3340,101.83,2.0
2951,3200,97.56,2.0
2952,2370,72.26,2.0
2953,1170,35.67,1.0
2954,3760,114.63,2.0
2955,2680,81.71,1.0
2956,4910,149.7,2.0
2957,1330,40.55,1.0
2958,3750,114.33,2.0
2959,2400,73.17,1.0
2960,3670,111.89,2.0
2961,4110,125.3,2.0
2962,1010,30.79,1.5
2963,2050,62.5,2.0
2964,1540,46.95,1.0
2965,1330,40.55,1.0
2966,1660,50.61,1.0
2967,3650,111.28,1.0
2968,1590,48.48,1.0
2969,4070,124.09,3.0
2970,2410,73.48,1.0
2971,2130,64.94,2.0
2972,1330,40.55,1.0
2973,1670,50.91,1.0
2974,2150,65.55,2.0
2975,2180,66.46,1.0
2976,940,28.66,1.0
2977,2170,66.16,1.0
2978,2432,74.15,2.0
2979,1020,31.1,1.5
2980,3660,111.59,2.5
2981,4560,139.02,1.0
2982,2181,66.49,2.0
2983,1700,51.83,1.0
2984,2210,67.38,2.0
2985,1880,57.32,1.0
2986,2840,86.59,2.0
2987,2300,70.12,2.0
2988,1800,54.88,1.5
2989,1350,41.16,1.0
2990,2830,86.28,2.0
2991,2415,73.63,2.0
2992,3240,98.78,2.0
2993,2460,75.0,1.0
2994,1720,52.44,1.5
2995,2460,75.0,2.0
2996,1850,56.4,2.0
2997,2170,66.16,2.0
2998,3070,93.6,1.0
2999,1670,50.91,1.0
3000,3880,118.29,2.0
3001,1899,57.9,2.0
3002,1450,44.21,1.0
3003,1430,43.6,1.0
3004,1430,43.6,1.0
3005,1920,58.54,1.0
3006,2520,76.83,1.0
3007,1860,56.71,1.0
3008,1840,56.1,2.0
3009,1540,46.95,1.0
3010,2100,64.02,1.0
3011,1190,36.28,1.0
3012,2050,62.5,1.5
3013,1760,53.66,1.0
3014,700,21.34,1.0
3015,1870,57.01,1.5
3016,2350,71.65,2.0
3017,1750,53.35,1.0
3018,1560,47.56,3.0
3019,1370,41.77,1.5
3020,1720,52.44,1.0
3021,1780,54.27,1.0
3022,2370,72.26,1.0
3023,1440,43.9,3.5
3024,2620,79.88,1.0
3025,2190,66.77,2.0
3026,2800,85.37,2.0
3027,1630,49.7,1.5
3028,2550,77.74,2.0
3029,1690,51.52,1.5
3030,1190,36.28,1.0
3031,1470,44.82,1.0
3032,1480,45.12,1.5
3033,1740,53.05,1.0
3034,3470,105.79,2.0
3035,2800,85.37,2.0
3036,1260,38.41,1.0
3037,3520,107.32,2.0
3038,2840,86.59,1.0
3039,1990,60.67,1.0
3040,1460,44.51,1.0
3041,3120,95.12,1.0
3042,2450,74.7,2.0
3043,5110,155.79,2.5
3044,1553,47.35,1.0
3045,2290,69.82,1.5
3046,2580,78.66,2.0
3047,1650,50.3,1.0
3048,1620,49.39,1.5
3049,1610,49.09,1.0
3050,4150,126.52,2.0
3051,2990,91.16,2.0
3052,2846,86.77,1.5
3053,1210,36.89,1.0
3054,1830,55.79,1.0
3055,2060,62.8,2.0
3056,2500,76.22,2.0
3057,2610,79.57,2.0
3058,1450,44.21,1.0
3059,1430,43.6,1.0
3060,2920,89.02,2.0
3061,5790,176.52,2.0
3062,2360,71.95,1.0
3063,3230,98.48,2.0
3064,2010,61.28,2.0
3065,2330,71.04,2.0
3066,1660,50.61,1.0
3067,4320,131.71,1.0
3068,2090,63.72,2.0
3069,2210,67.38,1.5
3070,2440,74.39,1.0
3071,1270,38.72,1.0
3072,1280,39.02,1.0
3073,1920,58.54,1.5
3074,1720,52.44,1.0
3075,2240,68.29,1.0
3076,1700,51.83,2.0
3077,1170,35.67,1.0
3078,1710,52.13,1.0
3079,1690,51.52,2.0
3080,4220,128.66,3.0
3081,950,28.96,1.0
3082,2240,68.29,2.0
3083,2590,78.96,1.0
3084,1870,57.01,2.0
3085,1280,39.02,1.5
3086,2040,62.2,1.0
3087,2520,76.83,1.0
3088,2350,71.65,2.0
3089,1050,32.01,1.0
3090,2420,73.78,1.0
3091,1760,53.66,2.0
3092,2230,67.99,1.0
3093,3270,99.7,2.0
3094,1070,32.62,1.0
3095,1850,56.4,2.0
3096,1250,38.11,1.0
3097,1440,43.9,2.0
3098,800,24.39,1.0
3099,990,30.18,1.0
3100,2060,62.8,2.0
3101,1340,40.85,1.0
3102,2120,64.63,1.0
3103,1320,40.24,1.0
3104,2880,87.8,2.0
3105,1830,55.79,1.0
3106,1520,46.34,1.0
3107,870,26.52,1.0
3108,1580,48.17,1.0
3109,860,26.22,1.0
3110,2440,74.39,2.0
3111,1680,51.22,1.5
3112,1840,56.1,1.0
3113,2270,69.21,1.0
3114,1740,53.05,1.0
3115,1840,56.1,1.0
3116,2460,75.0,1.0
3117,2310,70.43,1.5
3118,3190,97.26,1.0
3119,1660,50.61,1.0
3120,1270,38.72,1.0
3121,2250,68.6,1.0
3122,1900,57.93,1.0
3123,1900,57.93,1.0
3124,2490,75.91,2.0
3125,1580,48.17,2.0
3126,1170,35.67,1.5
3127,1010,30.79,1.0
3128,2030,61.89,2.0
3129,1150,35.06,1.0
3130,1760,53.66,2.0
3131,3010,91.77,2.0
3132,2000,60.98,1.0
3133,3920,119.51,2.0
3134,2410,73.48,2.0
3135,2473,75.4,2.0
3136,3410,103.96,1.0
3137,3000,91.46,1.0
3138,1800,54.88,1.5
3139,4040,123.17,1.5
3140,2440,74.39,2.0
3141,860,26.22,1.0
3142,1580,48.17,1.0
3143,1030,31.4,1.0
3144,1310,39.94,1.0
3145,1320,40.24,3.0
3146,1290,39.33,1.0
3147,3600,109.76,2.0
3148,3240,98.78,2.0
3149,3760,114.63,2.5
3150,2140,65.24,2.0
3151,2410,73.48,1.0
3152,1790,54.57,1.5
3153,3890,118.6,2.0
3154,1320,40.24,1.0
3155,3180,96.95,2.0
3156,2420,73.78,1.0
3157,1830,55.79,1.0
3158,2530,77.13,2.0
3159,780,23.78,1.0
3160,2430,74.09,2.0
3161,890,27.13,1.0
3162,1050,32.01,1.0
3163,3020,92.07,1.0
3164,2870,87.5,2.0
3165,1600,48.78,2.0
3166,1360,41.46,2.0
3167,1590,48.48,1.0
3168,6563,200.09,2.0
3169,2420,73.78,2.0
3170,2150,65.55,2.0
3171,1680,51.22,2.0
3172,2070,63.11,2.0
3173,3060,93.29,2.0
3174,2280,69.51,1.0
3175,1020,31.1,1.0
3176,1240,37.8,1.0
3177,2410,73.48,2.0
3178,1510,46.04,1.0
3179,1690,51.52,2.0
3180,4030,122.87,2.0
3181,2242,68.35,2.0
3182,1670,50.91,1.0
3183,1120,34.15,1.0
3184,5700,173.78,1.0
3185,2120,64.63,1.0
3186,2380,72.56,2.0
3187,2330,71.04,1.5
3188,1520,46.34,1.0
3189,1410,42.99,1.5
3190,1420,43.29,1.5
3191,1790,54.57,2.0
3192,1460,44.51,2.0
3193,890,27.13,1.0
3194,1530,46.65,1.0
3195,2300,70.12,2.0
3196,1250,38.11,1.0
3197,1400,42.68,1.5
3198,2170,66.16,2.0
3199,2550,77.74,1.0
3200,2780,84.76,2.0
3201,1370,41.77,1.0
3202,1220,37.2,2.0
3203,1830,55.79,2.0
3204,1550,47.26,1.0
3205,2110,64.33,2.0
3206,1220,37.2,1.5
3207,1600,48.78,1.0
3208,800,24.39,1.0
3209,1350,41.16,3.0
3210,2470,75.3,2.0
3211,1130,34.45,1.0
3212,4890,149.09,2.0
3213,1100,33.54,3.0
3214,1240,37.8,1.0
3215,2920,89.02,1.5
3216,3330,101.52,1.0
3217,1150,35.06,1.0
3218,1060,32.32,1.0
3219,4310,131.4,2.0
3220,930,28.35,1.0
3221,2690,82.01,3.0
3222,1610,49.09,1.0
3223,1140,34.76,1.0
3224,2980,90.85,2.0
3225,3180,96.95,1.0
3226,2820,85.98,2.0
3227,1300,39.63,2.0
3228,2680,81.71,2.0
3229,880,26.83,1.0
3230,2690,82.01,1.0
3231,1880,57.32,1.0
3232,1260,38.41,1.0
3233,2720,82.93,1.0
3234,1590,48.48,1.5
3235,2900,88.41,2.0
3236,1313,40.03,1.0
3237,2460,75.0,2.0
3238,2500,76.22,1.5
3239,2960,90.24,2.0
3240,2360,71.95,1.0
3241,910,27.74,1.0
3242,1300,39.63,1.5
3243,1710,52.13,2.0
3244,2100,64.02,2.0
3245,3340,101.83,2.0
3246,2010,61.28,1.0
3247,2460,75.0,2.0
3248,2110,64.33,1.0
3249,1040,31.71,1.0
3250,1450,44.21,2.0
3251,2423,73.87,2.0
3252,1250,38.11,1.0
3253,2100,64.02,2.0
3254,1840,56.1,2.0
3255,890,27.13,1.0
3256,1780,54.27,2.0
3257,1340,40.85,3.0
3258,2000,60.98,3.0
3259,1670,50.91,2.0
3260,1540,46.95,2.0
3261,880,26.83,1.0
3262,1700,51.83,1.0
3263,980,29.88,1.0
3264,790,24.09,1.0
3265,1860,56.71,1.0
3266,2580,78.66,1.0
3267,3180,96.95,2.0
3268,3200,97.56,2.0
3269,1360,41.46,1.0
3270,2440,74.39,1.5
3271,2210,67.38,1.0
3272,1030,31.4,1.0
3273,1630,49.7,1.0
3274,2680,81.71,2.0
3275,2930,89.33,2.0
3276,4133,126.01,2.0
3277,1920,58.54,2.0
3278,1470,44.82,1.0
3279,2030,61.89,1.0
3280,1700,51.83,2.0
3281,1830,55.79,1.5
3282,2000,60.98,2.0
3283,2230,67.99,2.0
3284,3940,120.12,2.0
3285,2145,65.4,1.5
3286,2270,69.21,1.0
3287,2100,64.02,2.0
3288,1590,48.48,3.0
3289,1080,32.93,1.0
3290,2850,86.89,2.0
3291,3530,107.62,2.0
3292,2440,74.39,2.0
3293,2730,83.23,1.5
3294,1650,50.3,1.5
3295,2170,66.16,2.0
3296,1940,59.15,2.0
3297,1390,42.38,2.0
3298,1580,48.17,1.0
3299,700,21.34,1.0
3300,2720,82.93,2.0
3301,1422,43.35,2.0
3302,2830,86.28,1.0
3303,1130,34.45,1.0
3304,1990,60.67,1.0
3305,2520,76.83,2.0
3306,1250,38.11,2.0
3307,1770,53.96,1.0
3308,3560,108.54,2.0
3309,1110,33.84,2.0
3310,1890,57.62,1.5
3311,1120,34.15,1.0
3312,2100,64.02,2.0
3313,830,25.3,1.0
3314,2760,84.15,2.0
3315,1810,55.18,2.0
3316,1740,53.05,2.0
3317,3310,100.91,2.0
3318,1460,44.51,2.0
3319,1890,57.62,1.0
3320,2550,77.74,2.0
3321,1340,40.85,1.0
3322,1730,52.74,1.0
3323,2170,66.16,1.0
3324,1590,48.48,1.5
3325,2180,66.46,1.5
3326,1640,50.0,2.0
3327,1970,60.06,2.0
3328,2190,66.77,1.0
3329,980,29.88,1.0
3330,2410,73.48,1.0
3331,1260,38.41,2.0
3332,1690,51.52,1.0
3333,2300,70.12,2.0
3334,3260,99.39,2.0
3335,910,27.74,1.0
3336,3840,117.07,1.0
3337,2000,60.98,2.0
3338,2970,90.55,2.0
3339,2680,81.71,2.0
3340,3720,113.41,2.5
3341,3860,117.68,2.0
3342,2240,68.29,2.0
3343,3640,110.98,2.0
3344,2050,62.5,2.0
3345,3680,112.2,1.5
3346,1530,46.65,2.0
3347,1380,42.07,1.0
3348,2410,73.48,1.5
3349,1760,53.66,1.0
3350,1520,46.34,1.0
3351,1280,39.02,1.0
3352,1320,40.24,1.0
3353,1710,52.13,1.0
3354,1790,54.57,1.5
3355,1410,42.99,2.0
3356,1300,39.63,1.0
3357,2840,86.59,2.0
3358,2550,77.74,1.0
3359,2500,76.22,1.0
3360,1495,45.58,3.0
3361,1380,42.07,1.0
3362,1850,56.4,1.0
3363,4290,130.79,2.0
3364,3320,101.22,1.0
3365,860,26.22,1.0
3366,4600,140.24,1.5
3367,2375,72.41,2.0
3368,1520,46.34,1.0
3369,3920,119.51,2.0
3370,1900,57.93,1.0
3371,1690,51.52,1.0
3372,1820,55.49,1.0
3373,2500,76.22,2.0
3374,1850,56.4,1.0
3375,1940,59.15,2.0
3376,2200,67.07,1.0
3377,1390,42.38,2.0
3378,1160,35.37,2.0
3379,6930,211.28,1.0
3380,1860,56.71,1.0
3381,3010,91.77,2.0
3382,1800,54.88,1.5
3383,4650,141.77,2.0
3384,1860,56.71,1.0
3385,1250,38.11,3.0
3386,1260,38.41,1.0
3387,2600,79.27,1.0
3388,1960,59.76,2.0
3389,1440,43.9,1.0
3390,2090,63.72,1.0
3391,1890,57.62,1.0
3392,1900,57.93,1.0
3393,3490,106.4,2.0
3394,1060,32.32,1.0
3395,1550,47.26,1.5
3396,1030,31.4,1.0
3397,1920,58.54,2.0
3398,1140,34.76,2.0
3399,1070,32.62,1.0
3400,4660,142.07,2.0
3401,1640,50.0,1.0
3402,1410,42.99,1.0
3403,930,28.35,1.0
3404,2600,79.27,2.0
3405,2550,77.74,1.0
3406,1850,56.4,1.0
3407,1710,52.13,3.0
3408,2410,73.48,1.0
3409,1740,53.05,1.0
3410,2310,70.43,1.0
3411,2710,82.62,1.5
3412,1510,46.04,1.0
3413,1710,52.13,1.0
3414,1240,37.8,1.0
3415,3570,108.84,2.0
3416,2040,62.2,1.0
3417,2210,67.38,2.0
3418,2390,72.87,2.0
3419,1090,33.23,1.0
3420,2120,64.63,1.0
3421,2860,87.2,2.0
3422,1350,41.16,1.0
3423,2090,63.72,1.0
3424,2200,67.07,1.0
3425,1740,53.05,2.0
3426,2760,84.15,2.0
3427,1340,40.85,1.0
3428,1990,60.67,1.0
3429,1601,48.81,3.0
3430,1470,44.82,1.0
3431,3130,95.43,2.0
3432,2300,70.12,2.0
3433,1700,51.83,1.0
3434,1360,41.46,1.5
3435,1430,43.6,3.0
3436,2010,61.28,2.0
3437,2420,73.78,2.0
3438,1160,35.37,1.0
3439,1150,35.06,1.0
3440,2100,64.02,2.0
3441,2770,84.45,1.5
3442,1510,46.04,1.0
3443,2630,80.18,2.0
3444,1020,31.1,1.0
3445,1830,55.79,2.0
3446,1940,59.15,2.0
3447,1320,40.24,1.0
3448,2750,83.84,2.0
3449,2010,61.28,2.0
3450,740,22.56,1.0
3451,1890,57.62,2.0
3452,1830,55.79,1.0
3453,2580,78.66,1.0
3454,2840,86.59,1.0
3455,2480,75.61,2.0
3456,2720,82.93,2.0
3457,1150,35.06,1.0
3458,3786,115.43,1.0
3459,1400,42.68,1.0
3460,2430,74.09,2.0
3461,2050,62.5,1.0
3462,1780,54.27,1.0
3463,1910,58.23,2.0
3464,1330,40.55,1.0
3465,1210,36.89,1.0
3466,2160,65.85,2.0
3467,2920,89.02,2.0
3468,3444,105.0,2.0
3469,2390,72.87,2.0
3470,1770,53.96,2.0
3471,3230,98.48,2.0
3472,902,27.5,1.0
3473,950,28.96,1.0
3474,2030,61.89,1.0
3475,1210,36.89,3.0
3476,3180,96.95,2.0
3477,2630,80.18,1.0
3478,1920,58.54,1.0
3479,2090,63.72,1.0
3480,1000,30.49,1.0
3481,3440,104.88,2.0
3482,1370,41.77,3.0
3483,1480,45.12,1.0
3484,1740,53.05,1.5
3485,1600,48.78,1.0
3486,2110,64.33,2.0
3487,2800,85.37,2.0
3488,1440,43.9,2.0
3489,4140,126.22,1.0
3490,1680,51.22,1.0
3491,2130,64.94,1.0
3492,2360,71.95,1.0
3493,1280,39.02,1.0
3494,3250,99.09,2.0
3495,1260,38.41,1.0
3496,610,18.6,1.0
3497,1320,40.24,1.5
3498,1450,44.21,1.0
3499,1120,34.15,1.0
3500,2500,76.22,2.0
3501,990,30.18,1.0
3502,4350,132.62,2.0
3503,3100,94.51,2.0
3504,3070,93.6,1.0
3505,1940,59.15,1.0
3506,1610,49.09,1.0
3507,3540,107.93,2.0
3508,2900,88.41,2.0
3509,2380,72.56,2.0
3510,3290,100.3,2.0
3511,1240,37.8,1.5
3512,2190,66.77,1.0
3513,1410,42.99,1.0
3514,910,27.74,1.0
3515,3320,101.22,2.0
3516,1530,46.65,1.5
3517,1780,54.27,2.0
3518,2630,80.18,2.0
3519,1230,37.5,1.0
3520,1330,40.55,1.0
3521,1580,48.17,1.0
3522,1230,37.5,2.0
3523,2940,89.63,2.0
3524,2390,72.87,2.0
3525,3230,98.48,2.0
3526,1090,33.23,1.0
3527,3270,99.7,2.0
3528,1070,32.62,1.0
3529,1900,57.93,1.0
3530,1490,45.43,1.0
3531,2120,64.63,2.0
3532,2440,74.39,1.0
3533,3260,99.39,2.0
3534,3670,111.89,1.0
3535,3030,92.38,2.0
3536,1050,32.01,1.0
3537,1710,52.13,2.0
3538,2220,67.68,2.0
3539,1350,41.16,1.0
3540,1850,56.4,2.0
3541,2240,68.29,1.0
3542,2700,82.32,1.0
3543,990,30.18,1.0
3544,2550,77.74,1.0
3545,1750,53.35,1.5
3546,2800,85.37,1.0
3547,1300,39.63,3.0
3548,1580,48.17,1.0
3549,2180,66.46,2.0
3550,1030,31.4,1.0
3551,1720,52.44,1.0
3552,2750,83.84,1.0
3553,2010,61.28,1.0
3554,3140,95.73,2.0
3555,2350,71.65,1.0
3556,1130,34.45,1.0
3557,2040,62.2,1.0
3558,3320,101.22,2.0
3559,1050,32.01,2.0
3560,2310,70.43,1.0
3561,1690,51.52,2.0
3562,2290,69.82,2.0
3563,3220,98.17,2.0
3564,1320,40.24,1.0
3565,1780,54.27,1.0
3566,1780,54.27,2.0
3567,970,29.57,1.0
3568,1300,39.63,2.0
3569,2163,65.95,2.0
3570,2780,84.76,2.0
3571,2080,63.41,1.0
3572,1200,36.59,1.0
3573,2230,67.99,1.5
3574,2430,74.09,2.0
3575,1730,52.74,2.0
3576,1000,30.49,3.0
3577,1510,46.04,3.0
3578,700,21.34,1.0
3579,2540,77.44,1.0
3580,3080,93.9,2.0
3581,2420,73.78,1.5
3582,1810,55.18,1.0
3583,3400,103.66,2.0
3584,3250,99.09,1.0
3585,3420,104.27,2.0
3586,1100,33.54,2.0
3587,2820,85.98,2.0
3588,1090,33.23,1.0
3589,2150,65.55,2.0
3590,2110,64.33,2.0
3591,1150,35.06,2.0
3592,720,21.95,1.0
3593,2330,71.04,1.0
3594,950,28.96,1.5
3595,4320,131.71,2.0
3596,1590,48.48,1.5
3597,1350,41.16,1.0
3598,2090,63.72,2.0
3599,1530,46.65,1.0
3600,740,22.56,1.0
3601,1830,55.79,1.0
3602,990,30.18,1.0
3603,2010,61.28,2.0
3604,2200,67.07,2.0
3605,3490,106.4,2.0
3606,2020,61.59,2.0
3607,2740,83.54,2.0
3608,3230,98.48,1.0
3609,2350,71.65,2.0
3610,1480,45.12,1.0
3611,2570,78.35,1.0
3612,2960,90.24,2.0
3613,1540,46.95,1.5
3614,1980,60.37,1.5
3615,2070,63.11,2.0
3616,1570,47.87,1.5
3617,4210,128.35,2.0
3618,1060,32.32,1.5
3619,1700,51.83,1.0
3620,2470,75.3,2.0
3621,3030,92.38,1.5
3622,2730,83.23,1.0
3623,3070,93.6,2.0
3624,2650,80.79,2.0
3625,1230,37.5,1.0
3626,2020,61.59,1.0
3627,3890,118.6,2.0
3628,2180,66.46,1.0
3629,2530,77.13,1.0
3630,1660,50.61,1.0
3631,2680,81.71,1.0
3632,1780,54.27,1.0
3633,1250,38.11,1.0
3634,1670,50.91,1.0
3635,2500,76.22,2.0
3636,2260,68.9,1.0
3637,1530,46.65,2.0
3638,1580,48.17,1.0
3639,1550,47.26,1.0
3640,1350,41.16,1.0
3641,1160,35.37,1.0
3642,3180,96.95,2.0
3643,2850,86.89,2.0
3644,2060,62.8,2.0
3645,2520,76.83,2.0
3646,2920,89.02,2.0
3647,2110,64.33,1.0
3648,3160,96.34,1.0
3649,980,29.88,2.0
3650,2180,66.46,1.0
3651,1140,34.76,1.0
3652,2610,79.57,2.0
3653,2190,66.77,2.0
3654,2730,83.23,2.0
3655,1460,44.51,1.0
3656,1400,42.68,2.0
3657,2140,65.24,1.0
3658,1470,44.82,2.0
3659,1150,35.06,1.5
3660,3380,103.05,2.0
3661,2760,84.15,2.0
3662,700,21.34,1.0
3663,2160,65.85,2.0
3664,770,23.48,1.0
3665,2310,70.43,2.0
3666,1680,51.22,2.0
3667,4560,139.02,1.0
3668,1640,50.0,1.0
3669,3510,107.01,2.5
3670,3100,94.51,2.0
3671,1310,39.94,1.0
3672,1820,55.49,1.0
3673,1220,37.2,3.0
3674,2540,77.44,2.0
3675,2517,76.74,2.0
3676,730,22.26,1.0
3677,3170,96.65,2.0
3678,1510,46.04,1.5
3679,910,27.74,1.0
3680,1080,32.93,1.0
3681,1260,38.41,3.0
3682,2010,61.28,1.5
3683,4020,122.56,2.0
3684,1160,35.37,1.0
3685,1480,45.12,2.0
3686,1310,39.94,1.0
3687,1960,59.76,1.0
3688,1020,31.1,2.0
3689,780,23.78,1.0
3690,5830,177.74,2.0
3691,1320,40.24,1.0
3692,3030,92.38,2.0
3693,2310,70.43,1.0
3694,1320,40.24,1.0
3695,2510,76.52,2.0
3696,1310,39.94,1.0
3697,1840,56.1,2.0
3698,3090,94.21,2.0
3699,2210,67.38,2.0
3700,1510,46.04,1.5
3701,2130,64.94,1.0
3702,2420,73.78,1.0
3703,3280,100.0,2.0
3704,2257,68.81,1.0
3705,1584,48.29,2.0
3706,2100,64.02,1.0
3707,2740,83.54,2.0
3708,2370,72.26,2.0
3709,370,11.28,1.0
3710,1500,45.73,1.5
3711,1210,36.89,2.0
3712,2540,77.44,1.0
3713,2010,61.28,2.0
3714,1660,50.61,1.0
3715,1550,47.26,1.5
3716,1030,31.4,1.0
3717,2050,62.5,2.0
3718,2480,75.61,2.0
3719,1660,50.61,1.0
3720,2820,85.98,2.0
3721,920,28.05,1.0
3722,1360,41.46,1.0
3723,1480,45.12,2.0
3724,4040,123.17,1.0
3725,900,27.44,1.0
3726,1100,33.54,1.0
3727,1850,56.4,1.0
3728,1830,55.79,2.0
3729,1550,47.26,1.5
3730,2130,64.94,2.0
3731,1930,58.84,1.0
3732,1250,38.11,1.0
3733,1360,41.46,1.0
3734,1340,40.85,1.0
3735,1860,56.71,1.0
3736,2790,85.06,2.0
3737,1730,52.74,2.0
3738,1660,50.61,1.0
3739,1890,57.62,1.0
3740,1440,43.9,1.0
3741,2080,63.41,2.0
3742,2230,67.99,1.0
3743,1380,42.07,1.0
3744,1360,41.46,2.0
3745,1350,41.16,1.0
3746,2560,78.05,2.0
3747,2290,69.82,1.0
3748,980,29.88,1.0
3749,1320,40.24,1.5
3750,2230,67.99,2.0
3751,2100,64.02,2.0
3752,1430,43.6,1.0
3753,930,28.35,1.0
3754,1530,46.65,2.0
3755,2830,86.28,1.0
3756,1820,55.49,1.0
3757,1530,46.65,1.5
3758,1160,35.37,1.0
3759,1080,32.93,1.0
3760,940,28.66,1.0
3761,2210,67.38,2.0
3762,1700,51.83,2.0
3763,4200,128.05,2.0
3764,4740,144.51,2.0
3765,1960,59.76,2.0
3766,4130,125.91,2.0
3767,1930,58.84,1.0
3768,2540,77.44,2.0
3769,2760,84.15,2.0
3770,1850,56.4,1.0
3771,1410,42.99,1.0
3772,1460,44.51,1.0
3773,1850,56.4,1.5
3774,3410,103.96,2.0
3775,2990,91.16,1.0
3776,1150,35.06,1.0
3777,1808,55.12,1.0
3778,3030,92.38,2.0
3779,2480,75.61,2.0
3780,1060,32.32,1.5
3781,1510,46.04,2.0
3782,1540,46.95,1.5
3783,1830,55.79,1.0
3784,1714,52.26,2.0
3785,2060,62.8,1.0
3786,2870,87.5,1.0
3787,1700,51.83,2.0
3788,2500,76.22,1.0
3789,1350,41.16,1.0
3790,2470,75.3,1.5
3791,1950,59.45,1.0
3792,5990,182.62,2.0
3793,2320,70.73,1.5
3794,2550,77.74,1.5
3795,670,20.43,1.0
3796,830,25.3,1.0
3797,2930,89.33,2.0
3798,2260,68.9,1.0
3799,1560,47.56,2.0
3800,1510,46.04,2.0
3801,2810,85.67,2.0
3802,2630,80.18,2.0
3803,2030,61.89,2.0
3804,1530,46.65,2.0
3805,2050,62.5,1.0
3806,2130,64.94,2.0
3807,1710,52.13,1.0
3808,1950,59.45,2.0
3809,1170,35.67,1.0
3810,2110,64.33,2.0
3811,1590,48.48,1.0
3812,2360,71.95,1.0
3813,2290,69.82,1.0
3814,2810,85.67,1.0
3815,1440,43.9,1.0
3816,1580,48.17,1.0
3817,1810,55.18,2.0
3818,1690,51.52,2.0
3819,3260,99.39,1.0
3820,1270,38.72,1.5
3821,1580,48.17,2.0
3822,830,25.3,1.0
3823,4320,131.71,2.0
3824,3990,121.65,2.0
3825,1530,46.65,2.5
3826,2150,65.55,2.0
3827,1690,51.52,2.0
3828,3680,112.2,2.0
3829,2600,79.27,1.0
3830,2740,83.54,1.0
3831,1970,60.06,1.0
3832,2390,72.87,2.0
3833,4480,136.59,2.0
3834,1300,39.63,1.0
3835,2260,68.9,1.5
3836,1660,50.61,1.5
3837,750,22.87,1.0
3838,1470,44.82,1.5
3839,1970,60.06,1.0
3840,1370,41.77,2.0
3841,1390,42.38,1.0
3842,3670,111.89,1.0
3843,2230,67.99,2.0
3844,2990,91.16,2.0
3845,1150,35.06,1.0
3846,1930,58.84,1.0
3847,1300,39.63,1.0
3848,1210,36.89,1.0
3849,970,29.57,1.0
3850,1840,56.1,2.0
3851,2480,75.61,2.0
3852,1800,54.88,1.0
3853,2360,71.95,1.0
3854,2110,64.33,1.0
3855,1430,43.6,1.5
3856,1880,57.32,1.0
3857,1790,54.57,1.0
3858,1880,57.32,2.0
3859,1710,52.13,1.0
3860,1330,40.55,1.0
3861,1780,54.27,2.0
3862,3040,92.68,2.0
3863,3580,109.15,2.5
3864,1260,38.41,2.0
3865,2210,67.38,1.5
3866,1970,60.06,1.5
3867,940,28.66,1.0
3868,5330,162.5,2.0
3869,1740,53.05,1.0
3870,2150,65.55,1.0
3871,1080,32.93,1.0
3872,800,24.39,1.0
3873,1550,47.26,2.0
3874,1490,45.43,2.0
3875,2290,69.82,2.0
3876,2630,80.18,2.0
3877,2560,78.05,1.0
3878,2090,63.72,1.5
3879,2160,65.85,1.0
3880,960,29.27,1.0
3881,2110,64.33,1.5
3882,2350,71.65,2.0
3883,4270,130.18,2.0
3884,2100,64.02,1.0
3885,770,23.48,1.0
3886,2990,91.16,2.0
3887,1490,45.43,1.0
3888,2460,75.0,2.0
3889,1450,44.21,1.0
3890,2220,67.68,1.5
3891,2990,91.16,2.0
3892,2660,81.1,2.0
3893,770,23.48,1.0
3894,2040,62.2,1.5
3895,2100,64.02,1.0
3896,4120,125.61,1.0
3897,1780,54.27,1.0
3898,2810,85.67,1.0
3899,970,29.57,1.0
3900,3720,113.41,1.0
3901,1150,35.06,1.0
3902,1600,48.78,2.0
3903,2519,76.8,2.0
3904,3860,117.68,2.0
3905,1700,51.83,1.0
3906,1970,60.06,2.0
3907,2090,63.72,2.0
3908,4040,123.17,2.0
3909,2540,77.44,2.0
3910,1510,46.04,1.0
3911,1640,50.0,1.0
3912,2100,64.02,1.0
3913,900,27.44,1.0
3914,1940,59.15,1.0
3915,2803,85.46,1.0
3916,2080,63.41,1.0
3917,1580,48.17,1.0
3918,2870,87.5,1.5
3919,1600,48.78,1.5
3920,2550,77.74,2.0
3921,1970,60.06,1.5
3922,2650,80.79,2.0
3923,2160,65.85,1.0
3924,1620,49.39,1.5
3925,1830,55.79,1.5
3926,1190,36.28,1.0
3927,1220,37.2,1.5
3928,1850,56.4,2.5
3929,1380,42.07,2.0
3930,1900,57.93,1.0
3931,2710,82.62,1.0
3932,1460,44.51,2.0
3933,1870,57.01,1.0
3934,3740,114.02,1.0
3935,1830,55.79,1.0
3936,2220,67.68,1.5
3937,900,27.44,1.0
3938,1870,57.01,1.0
3939,1620,49.39,2.0
3940,1290,39.33,3.0
3941,2240,68.29,2.0
3942,1430,43.6,2.0
3943,1320,40.24,1.5
3944,2570,78.35,1.0
3945,2690,82.01,1.0
3946,710,21.65,1.0
3947,1910,58.23,2.0
3948,1950,59.45,1.0
3949,3220,98.17,2.0
3950,1550,47.26,3.0
3951,1260,38.41,1.0
3952,1010,30.79,1.0
3953,1509,46.01,3.0
3954,2650,80.79,2.0
3955,1940,59.15,2.0
3956,1490,45.43,2.0
3957,2020,61.59,2.0
3958,1130,34.45,1.0
3959,2020,61.59,1.0
3960,830,25.3,1.0
3961,2780,84.76,2.0
3962,1560,47.56,2.0
3963,1160,35.37,1.0
3964,1340,40.85,1.0
3965,2070,63.11,2.0
3966,1770,53.96,1.0
3967,1290,39.33,3.0
3968,3630,110.67,2.0
3969,1730,52.74,1.0
3970,2360,71.95,1.0
3971,2090,63.72,2.0
3972,870,26.52,1.0
3973,3281,100.03,2.0
3974,1950,59.45,2.0
3975,1250,38.11,1.5
3976,2650,80.79,2.0
3977,1960,59.76,2.0
3978,2990,91.16,2.0
3979,1720,52.44,1.0
3980,2730,83.23,2.0
3981,1890,57.62,1.0
3982,2830,86.28,2.0
3983,1090,33.23,1.0
3984,2060,62.8,2.0
3985,2090,63.72,2.0
3986,1560,47.56,1.0
3987,4440,135.37,1.0
3988,1290,39.33,1.0
3989,2980,90.85,2.0
3990,1320,40.24,2.0
3991,1900,57.93,2.0
3992,2400,73.17,2.0
3993,1970,60.06,1.0
3994,1430,43.6,1.0
3995,1810,55.18,2.0
3996,3780,115.24,1.5
3997,2850,86.89,1.0
3998,2710,82.62,2.0
3999,1440,43.9,1.5
4000,2920,89.02,1.0
4001,1000,30.49,1.0
4002,1370,41.77,1.0
4003,2540,77.44,1.0
4004,1430,43.6,2.0
4005,2060,62.8,1.0
4006,3910,119.21,1.0
4007,3180,96.95,2.0
4008,1910,58.23,2.0
4009,2440,74.39,1.0
4010,1470,44.82,2.0
4011,2700,82.32,1.0
4012,3250,99.09,2.5
4013,3410,103.96,2.0
4014,1730,52.74,1.0
4015,1020,31.1,1.0
4016,4590,139.94,1.0
4017,1560,47.56,1.0
4018,3320,101.22,3.0
4019,1200,36.59,1.5
4020,2730,83.23,2.0
4021,1840,56.1,2.0
4022,1040,31.71,1.0
4023,1800,54.88,2.0
4024,710,21.65,1.0
4025,1510,46.04,1.0
4026,2540,77.44,1.0
4027,2800,85.37,2.0
4028,990,30.18,1.0
4029,2400,73.17,2.0
4030,750,22.87,1.0
4031,2780,84.76,1.0
4032,1920,58.54,2.0
4033,2970,90.55,2.0
4034,960,29.27,1.0
4035,2260,68.9,2.0
4036,1080,32.93,1.0
4037,1700,51.83,1.0
4038,1000,30.49,1.0
4039,1340,40.85,1.0
4040,2280,69.51,1.0
4041,3070,93.6,2.0
4042,1950,59.45,1.0
4043,2030,61.89,2.0
4044,1370,41.77,1.0
4045,2700,82.32,2.0
4046,1580,48.17,1.0
4047,2740,83.54,2.0
4048,2260,68.9,1.0
4049,1620,49.39,2.0
4050,3370,102.74,1.0
4051,2330,71.04,2.0
4052,2050,62.5,2.0
4053,1380,42.07,2.0
4054,1910,58.23,1.0
4055,1820,55.49,2.0
4056,1740,53.05,1.0
4057,1250,38.11,1.0
4058,3100,94.51,2.0
4059,4470,136.28,2.5
4060,1850,56.4,2.0
4061,3620,110.37,1.0
4062,1730,52.74,1.0
4063,1070,32.62,1.0
4064,2120,64.63,2.0
4065,1470,44.82,1.0
4066,1460,44.51,1.0
4067,1650,50.3,1.0
4068,1060,32.32,1.0
4069,3140,95.73,2.0
4070,1210,36.89,1.0
4071,2620,79.88,2.0
4072,3340,101.83,2.0
4073,2060,62.8,1.0
4074,1340,40.85,1.0
4075,1670,50.91,2.0
4076,1900,57.93,1.0
4077,2100,64.02,1.0
4078,1690,51.52,2.0
4079,1410,42.99,1.0
4080,1180,35.98,1.5
4081,1680,51.22,2.0
4082,3340,101.83,1.0
4083,1990,60.67,1.0
4084,3160,96.34,2.0
4085,1250,38.11,1.0
4086,990,30.18,1.0
4087,1370,41.77,1.0
4088,1990,60.67,1.0
4089,1740,53.05,1.0
4090,1760,53.66,1.0
4091,1420,43.29,1.5
4092,1650,50.3,2.0
4093,2980,90.85,2.0
4094,1470,44.82,1.0
4095,3560,108.54,2.0
4096,960,29.27,1.0
4097,2370,72.26,2.0
4098,1020,31.1,3.0
4099,1720,52.44,2.0
4100,2470,75.3,2.0
4101,1480,45.12,1.0
4102,910,27.74,1.0
4103,2000,60.98,1.5
4104,2240,68.29,2.0
4105,1270,38.72,1.0
4106,2090,63.72,1.0
4107,901,27.47,3.0
4108,1590,48.48,1.0
4109,1460,44.51,1.0
4110,3550,108.23,2.0
4111,1350,41.16,1.0
4112,4380,133.54,2.0
4113,2090,63.72,1.0
4114,3490,106.4,2.0
4115,1420,43.29,2.0
4116,2780,84.76,2.0
4117,3490,106.4,2.0
4118,1950,59.45,3.0
4119,1670,50.91,1.0
4120,2260,68.9,1.0
4121,2160,65.85,1.0
4122,1510,46.04,2.0
4123,2570,78.35,2.0
4124,3340,101.83,1.0
4125,1780,54.27,1.0
4126,2000,60.98,3.0
4127,2090,63.72,1.0
4128,1940,59.15,2.0
4129,970,29.57,1.0
4130,2100,64.02,1.0
4131,2390,72.87,1.0
4132,2280,69.51,2.0
4133,1520,46.34,1.5
4134,7270,221.65,2.0
4135,2100,64.02,1.0
4136,2950,89.94,2.0
4137,3440,104.88,3.0
4138,1610,49.09,2.0
4139,1260,38.41,1.0
4140,2160,65.85,1.0
4141,890,27.13,1.0
4142,2750,83.84,1.0
4143,2840,86.59,2.0
4144,1040,31.71,1.0
4145,4650,141.77,2.0
4146,2720,82.93,2.0
4147,1300,39.63,1.0
4148,1610,49.09,1.0
4149,1840,56.1,1.0
4150,620,18.9,1.0
4151,2280,69.51,1.0
4152,1940,59.15,1.5
4153,1180,35.98,1.0
4154,1390,42.38,3.0
4155,2940,89.63,2.0
4156,1670,50.91,1.0
4157,1810,55.18,2.0
4158,1300,39.63,1.0
4159,3170,96.65,2.0
4160,1670,50.91,2.0
4161,2050,62.5,2.0
4162,2260,68.9,2.0
4163,2440,74.39,2.0
4164,2510,76.52,1.0
4165,1410,42.99,1.0
4166,1230,37.5,1.0
4167,1660,50.61,2.0
4168,3020,92.07,1.0
4169,1730,52.74,1.0
4170,1930,58.84,1.0
4171,2640,80.49,1.5
4172,2620,79.88,1.0
4173,1610,49.09,1.0
4174,2220,67.68,1.0
4175,3350,102.13,2.0
4176,670,20.43,1.0
4177,2440,74.39,2.0
4178,2400,73.17,1.0
4179,1900,57.93,2.0
4180,3300,100.61,3.0
4181,4700,143.29,2.0
4182,1510,46.04,1.0
4183,1990,60.67,2.0
4184,2000,60.98,2.0
4185,3600,109.76,1.0
4186,2980,90.85,1.0
4187,1480,45.12,1.0
4188,1088,33.17,2.0
4189,880,26.83,1.0
4190,1590,48.48,1.5
4191,2880,87.8,2.0
4192,2720,82.93,1.0
4193,1160,35.37,1.0
4194,1700,51.83,2.0
4195,3590,109.45,2.0
4196,1200,36.59,1.0
4197,1250,38.11,1.0
4198,1440,43.9,1.0
4199,1010,30.79,1.5
4200,2590,78.96,2.0
4201,2030,61.89,3.0
4202,2980,90.85,1.5
4203,860,26.22,1.0
4204,1490,45.43,1.0
4205,1870,57.01,1.0
4206,1640,50.0,1.0
4207,1640,50.0,1.5
4208,3190,97.26,2.0
4209,2560,78.05,1.0
4210,2000,60.98,1.0
4211,1300,39.63,1.0
4212,3020,92.07,2.0
4213,1930,58.84,1.0
4214,680,20.73,1.0
4215,1530,46.65,1.0
4216,2150,65.55,2.0
4217,2450,74.7,2.0
4218,1240,37.8,1.5
4219,1390,42.38,1.0
4220,960,29.27,1.0
4221,1410,42.99,1.0
4222,2480,75.61,1.5
4223,1810,55.18,1.5
4224,2610,79.57,2.0
4225,4240,129.27,2.0
4226,1430,43.6,3.0
4227,2390,72.87,1.0
4228,1120,34.15,1.0
4229,3320,101.22,2.0
4230,1560,47.56,2.0
4231,1610,49.09,2.0
4232,2170,66.16,1.5
4233,3180,96.95,2.0
4234,1530,46.65,3.0
4235,4500,137.2,2.0
4236,1950,59.45,2.0
4237,2970,90.55,2.0
4238,1150,35.06,1.0
4239,4340,132.32,3.0
4240,1500,45.73,1.0
4241,1830,55.79,2.0
4242,2430,74.09,2.0
4243,1270,38.72,1.0
4244,5400,164.63,2.0
4245,2860,87.2,2.0
4246,1010,30.79,1.0
4247,1060,32.32,2.0
4248,3220,98.17,1.5
4249,3190,97.26,2.0
4250,900,27.44,1.0
4251,2960,90.24,2.0
4252,1100,33.54,1.0
4253,2400,73.17,1.0
4254,2730,83.23,2.0
4255,3280,100.0,2.0
4256,1960,59.76,1.0
4257,2170,66.16,1.5
4258,1120,34.15,1.0
4259,2660,81.1,2.0
4260,1710,52.13,1.0
4261,2540,77.44,2.0
4262,1560,47.56,1.0
4263,2040,62.2,2.0
4264,2150,65.55,1.0
4265,3310,100.91,2.0
4266,2190,66.77,2.0
4267,1300,39.63,2.0
4268,1030,31.4,1.5
4269,1660,50.61,1.0
4270,2960,90.24,2.0
4271,1490,45.43,1.0
4272,1870,57.01,1.0
4273,1760,53.66,1.0
4274,1940,59.15,1.0
4275,2660,81.1,2.0
4276,1360,41.46,1.0
4277,2690,82.01,2.0
4278,1700,51.83,2.0
4279,2220,67.68,1.0
4280,2056,62.68,2.0
4281,1160,35.37,1.0
4282,1980,60.37,2.0
4283,1200,36.59,1.0
4284,2360,71.95,2.0
4285,2080,63.41,1.0
4286,1200,36.59,1.0
4287,3920,119.51,3.0
4288,1400,42.68,1.0
4289,1630,49.7,2.0
4290,2400,73.17,1.0
4291,1640,50.0,1.0
4292,2440,74.39,1.0
4293,2850,86.89,2.0
4294,3130,95.43,2.0
4295,2280,69.51,1.0
4296,2650,80.79,2.0
4297,1110,33.84,1.0
4298,820,25.0,1.0
4299,2400,73.17,1.5
4300,1370,41.77,3.0
4301,2460,75.0,2.0
4302,1380,42.07,2.0
4303,3470,105.79,2.0
4304,1440,43.9,1.0
4305,1580,48.17,1.0
4306,1900,57.93,2.0
4307,2550,77.74,1.5
4308,1950,59.45,3.0
4309,2410,73.48,2.0
4310,2710,82.62,2.0
4311,2140,65.24,1.0
4312,1200,36.59,1.5
4313,720,21.95,1.0
4314,3710,113.11,2.0
4315,2140,65.24,1.0
4316,2000,60.98,1.0
4317,2100,64.02,1.0
4318,3860,117.68,2.0
4319,1770,53.96,1.0
4320,2460,75.0,1.0
4321,3450,105.18,2.0
4322,2080,63.41,1.0
4323,2270,69.21,1.0
4324,3680,112.2,2.0
4325,2850,86.89,2.5
4326,3110,94.82,2.0
4327,3510,107.01,2.0
4328,3510,107.01,2.0
4329,2460,75.0,1.0
4330,1670,50.91,1.0
4331,1850,56.4,1.5
4332,1690,51.52,1.0
4333,830,25.3,2.0
4334,1750,53.35,1.0
4335,1590,48.48,1.0
4336,1940,59.15,1.5
4337,2420,73.78,1.0
4338,1940,59.15,1.0
4339,1330,40.55,1.5
4340,1150,35.06,1.0
4341,1730,52.74,1.0
4342,3110,94.82,1.0
4343,4070,124.09,2.0
4344,2740,83.54,2.0
4345,3600,109.76,2.0
4346,860,26.22,2.0
4347,2570,78.35,2.0
4348,1930,58.84,2.0
4349,1790,54.57,1.0
4350,2040,62.2,1.5
4351,2305,70.27,1.0
4352,2890,88.11,2.0
4353,1840,56.1,1.5
4354,1900,57.93,1.0
4355,1720,52.44,1.0
4356,1740,53.05,1.0
4357,2060,62.8,1.0
4358,790,24.09,1.0
4359,3570,108.84,2.0
4360,2070,63.11,1.0
4361,1120,34.15,3.0
4362,1750,53.35,1.0
4363,2760,84.15,2.0
4364,1170,35.67,1.0
4365,6500,198.17,2.0
4366,1860,56.71,1.0
4367,3240,98.78,2.0
4368,1660,50.61,1.5
4369,1720,52.44,2.0
4370,1890,57.62,2.0
4371,1660,50.61,1.0
4372,1390,42.38,1.0
4373,1700,51.83,1.5
4374,870,26.52,1.0
4375,2560,78.05,2.0
4376,1060,32.32,1.0
4377,1100,33.54,1.0
4378,1990,60.67,2.0
4379,2692,82.07,2.0
4380,1750,53.35,1.0
4381,890,27.13,1.0
4382,2490,75.91,2.0
4383,1310,39.94,1.0
4384,1920,58.54,2.0
4385,1820,55.49,1.0
4386,1400,42.68,1.5
4387,3980,121.34,1.0
4388,2080,63.41,2.0
4389,1060,32.32,1.0
4390,1980,60.37,1.0
4391,1200,36.59,1.0
4392,1010,30.79,1.0
4393,840,25.61,1.0
4394,780,23.78,1.0
4395,1680,51.22,3.0
4396,1300,39.63,1.0
4397,880,26.83,2.0
4398,860,26.22,1.0
4399,1950,59.45,2.0
4400,3950,120.43,1.5
4401,1410,42.99,1.0
4402,2550,77.74,1.0
4403,2130,64.94,1.0
4404,3780,115.24,2.0
4405,1240,37.8,3.0
4406,2120,64.63,2.0
4407,1210,36.89,1.0
4408,3750,114.33,2.0
4409,4130,125.91,2.0
4410,7220,220.12,2.0
4411,3310,100.91,2.0
4412,580,17.68,1.0
4413,1290,39.33,3.0
4414,1450,44.21,2.0
4415,5440,165.85,1.0
4416,1560,47.56,3.0
4417,700,21.34,1.0
4418,1070,32.62,1.0
4419,1430,43.6,3.0
4420,1360,41.46,1.0
4421,3010,91.77,2.0
4422,2010,61.28,2.0
4423,2610,79.57,1.5
4424,2160,65.85,1.0
4425,2470,75.3,3.0
4426,3510,107.01,2.0
4427,1290,39.33,1.0
4428,1990,60.67,1.0
4429,890,27.13,1.5
4430,960,29.27,1.0
4431,3680,112.2,2.0
4432,1620,49.39,1.0
4433,1810,55.18,2.0
4434,1190,36.28,1.0
4435,1420,43.29,2.0
4436,1060,32.32,1.0
4437,1750,53.35,2.0
4438,2070,63.11,2.0
4439,1590,48.48,1.0
4440,2620,79.88,1.0
4441,860,26.22,1.0
4442,2180,66.46,1.0
4443,1890,57.62,2.0
4444,3900,118.9,2.0
4445,1900,57.93,1.5
4446,9890,301.52,2.0
4447,3600,109.76,2.0
4448,4260,129.88,1.5
4449,1550,47.26,1.0
4450,1530,46.65,2.0
4451,1190,36.28,1.0
4452,1350,41.16,1.0
4453,860,26.22,1.5
4454,1020,31.1,1.0
4455,2140,65.24,1.0
4456,700,21.34,1.0
4457,1230,37.5,3.0
4458,1490,45.43,1.0
4459,1770,53.96,1.0
4460,3000,91.46,2.0
4461,2030,61.89,2.0
4462,2230,67.99,3.0
4463,1350,41.16,1.0
4464,2140,65.24,2.0
4465,3720,113.41,2.0
4466,3270,99.7,2.0
4467,1180,35.98,1.0
4468,3040,92.68,2.0
4469,2600,79.27,2.0
4470,1100,33.54,1.0
4471,1330,40.55,1.0
4472,2660,81.1,2.0
4473,5180,157.93,2.0
4474,1000,30.49,1.0
4475,2240,68.29,1.0
4476,3520,107.32,1.0
4477,1390,42.38,2.0
4478,3052,93.05,2.0
4479,1270,38.72,1.0
4480,2380,72.56,1.0
4481,2250,68.6,1.0
4482,2590,78.96,1.0
4483,2980,90.85,2.0
4484,1120,34.15,1.0
4485,1530,46.65,3.0
4486,2320,70.73,1.0
4487,3340,101.83,2.0
4488,2160,65.85,1.0
4489,3070,93.6,2.0
4490,1890,57.62,2.0
4491,1510,46.04,1.0
4492,2440,74.39,1.5
4493,1650,50.3,1.0
4494,2910,88.72,1.0
4495,1180,35.98,3.0
4496,3920,119.51,2.0
4497,3220,98.17,2.0
4498,970,29.57,1.0
4499,2110,64.33,1.0
4500,1930,58.84,1.0
4501,1760,53.66,1.0
4502,2250,68.6,2.0
4503,2630,80.18,2.0
4504,2730,83.23,1.0
4505,610,18.6,1.0
4506,2880,87.8,2.5
4507,1770,53.96,1.0
4508,3040,92.68,2.0
4509,1600,48.78,2.0
4510,2280,69.51,1.0
4511,3610,110.06,1.0
4512,2780,84.76,1.0
4513,1290,39.33,1.5
4514,1570,47.87,1.0
4515,1640,50.0,1.5
4516,1690,51.52,2.0
4517,1460,44.51,3.0
4518,4210,128.35,2.0
4519,2520,76.83,1.0
4520,3280,100.0,2.0
4521,1160,35.37,1.0
4522,2700,82.32,2.0
4523,2040,62.2,1.5
4524,1840,56.1,1.0
4525,4140,126.22,2.0
4526,1800,54.88,2.0
4527,3290,100.3,2.0
4528,1710,52.13,2.0
4529,1140,34.76,1.0
4530,2230,67.99,2.0
4531,1670,50.91,1.0
4532,2290,69.82,2.0
4533,1960,59.76,1.5
4534,5440,165.85,2.0
4535,2110,64.33,2.0
4536,2870,87.5,2.0
4537,1620,49.39,1.0
4538,3140,95.73,1.0
4539,1520,46.34,2.0
4540,2620,79.88,2.0
4541,3360,102.44,2.0
4542,1330,40.55,1.0
4543,7350,224.09,2.0
4544,1160,35.37,1.0
4545,1720,52.44,1.0
4546,960,29.27,1.0
4547,1330,40.55,1.0
4548,2310,70.43,1.0
4549,1560,47.56,1.0
4550,1610,49.09,1.0
4551,3020,92.07,1.5
4552,2010,61.28,1.0
4553,2300,70.12,1.5
4554,2330,71.04,2.0
4555,2040,62.2,1.0
4556,1670,50.91,1.0
4557,1660,50.61,2.0
4558,1950,59.45,1.0
4559,1810,55.18,1.0
4560,1460,44.51,3.0
4561,962,29.33,2.0
4562,1310,39.94,1.0
4563,2240,68.29,1.5
4564,960,29.27,1.0
4565,2650,80.79,1.5
4566,2060,62.8,1.0
4567,2570,78.35,2.0
4568,1210,36.89,1.5
4569,1700,51.83,1.0
4570,1940,59.15,1.5
4571,2390,72.87,1.0
4572,2150,65.55,1.0
4573,2200,67.07,2.0
4574,2940,89.63,2.0
4575,2480,75.61,1.5
4576,2180,66.46,1.0
4577,1370,41.77,1.0
4578,3300,100.61,1.0
4579,1250,38.11,3.0
4580,1310,39.94,3.0
4581,1100,33.54,1.0
4582,1320,40.24,1.0
4583,1440,43.9,1.0
4584,1790,54.57,2.0
4585,1830,55.79,2.0
4586,2350,71.65,1.0
4587,1540,46.95,1.0
4588,1160,35.37,1.0
4589,4070,124.09,2.0
4590,1250,38.11,1.0
4591,2310,70.43,2.0
4592,3180,96.95,1.0
4593,1130,34.45,2.0
4594,3820,116.46,1.0
4595,1000,30.49,1.0
4596,2830,86.28,2.0
4597,910,27.74,1.0
4598,1100,33.54,1.0
4599,1920,58.54,2.0
4600,2210,67.38,2.0
4601,2150,65.55,1.0
4602,1960,59.76,1.0
4603,384,11.71,1.0
4604,1480,45.12,2.0
4605,1790,54.57,1.0
4606,1270,38.72,1.0
4607,2570,78.35,1.0
4608,2190,66.77,2.0
4609,1130,34.45,1.0
4610,2550,77.74,2.0
4611,910,27.74,1.0
4612,2150,65.55,1.0
4613,960,29.27,1.0
4614,2130,64.94,1.0
4615,2440,74.39,1.0
4616,1590,48.48,2.0
4617,1690,51.52,2.0
4618,2230,67.99,1.5
4619,630,19.21,1.0
4620,1950,59.45,2.0
4621,1240,37.8,1.0
4622,2540,77.44,2.0
4623,3181,96.98,2.0
4624,2020,61.59,1.0
4625,3350,102.13,2.0
4626,1910,58.23,1.0
4627,2560,78.05,2.0
4628,1420,43.29,1.0
4629,2840,86.59,1.0
4630,1700,51.83,1.0
4631,2160,65.85,1.0
4632,880,26.83,1.0
4633,1170,35.67,1.0
4634,3940,120.12,2.0
4635,1120,34.15,1.0
4636,2290,69.82,2.0
4637,2540,77.44,1.5
4638,1070,32.62,1.0
4639,1530,46.65,1.0
4640,1550,47.26,1.5
4641,3800,115.85,2.0
4642,2390,72.87,1.0
4643,2160,65.85,2.0
4644,2650,80.79,2.0
4645,4260,129.88,2.0
4646,2070,63.11,1.0
4647,1280,39.02,1.5
4648,1250,38.11,1.0
4649,3240,98.78,2.0
4650,1880,57.32,1.0
4651,3831,116.8,2.0
4652,1260,38.41,2.0
4653,1520,46.34,1.0
4654,7420,226.22,2.0
4655,1280,39.02,2.0
4656,2100,64.02,1.0
4657,1500,45.73,1.0
4658,2000,60.98,2.0
4659,2840,86.59,2.0
4660,890,27.13,1.0
4661,1920,58.54,2.0
4662,710,21.65,2.0
4663,810,24.7,1.0
4664,1850,56.4,1.0
4665,2580,78.66,1.5
4666,2550,77.74,2.0
4667,2080,63.41,2.0
4668,4370,133.23,2.0
4669,1680,51.22,1.5
4670,1680,51.22,1.0
4671,1430,43.6,2.0
4672,1260,38.41,1.0
4673,2390,72.87,2.0
4674,1950,59.45,1.0
4675,1620,49.39,1.0
4676,4560,139.02,1.0
4677,2200,67.07,1.0
4678,1230,37.5,1.0
4679,3320,101.22,2.0
4680,4290,130.79,2.0
4681,2820,85.98,1.0
4682,2140,65.24,2.0
4683,1860,56.71,1.5
4684,1240,37.8,1.5
4685,1910,58.23,1.0
4686,2540,77.44,2.0
4687,2150,65.55,1.0
4688,3120,95.12,2.0
4689,1610,49.09,1.0
4690,2680,81.71,2.0
4691,2020,61.59,1.0
4692,2700,82.32,2.0
4693,1460,44.51,1.0
4694,3030,92.38,2.0
4695,1460,44.51,2.0
4696,2140,65.24,1.0
4697,1400,42.68,1.0
4698,1040,31.71,1.0
4699,2460,75.0,2.0
4700,6550,199.7,1.0
4701,2490,75.91,1.5
4702,1880,57.32,1.0
4703,1400,42.68,1.5
4704,960,29.27,1.0
4705,2840,86.59,1.5
4706,3290,100.3,1.5
4707,2610,79.57,2.0
4708,1970,60.06,1.0
4709,3230,98.48,2.0
4710,990,30.18,1.0
4711,1470,44.82,1.0
4712,2400,73.17,1.0
4713,2570,78.35,2.0
4714,1760,53.66,1.0
4715,1540,46.95,1.0
4716,1000,30.49,1.0
4717,1900,57.93,1.0
4718,3070,93.6,2.0
4719,1720,52.44,1.0
4720,2860,87.2,1.0
4721,2370,72.26,1.0
4722,2330,71.04,1.0
4723,4575,139.48,2.5
4724,3430,104.57,1.5
4725,1430,43.6,1.5
4726,3000,91.46,2.0
4727,800,24.39,1.0
4728,1780,54.27,1.5
4729,1350,41.16,1.0
4730,2320,70.73,2.0
4731,1068,32.56,2.0
4732,1670,50.91,1.0
4733,5550,169.21,2.0
4734,2290,69.82,2.0
4735,940,28.66,1.5
4736,1960,59.76,1.0
4737,2290,69.82,2.0
4738,840,25.61,1.0
4739,1840,56.1,1.5
4740,2370,72.26,2.0
4741,820,25.0,3.0
4742,1020,31.1,1.0
4743,1910,58.23,1.0
4744,1430,43.6,2.0
4745,1290,39.33,2.0
4746,1980,60.37,1.0
4747,3540,107.93,2.0
4748,2910,88.72,1.0
4749,1870,57.01,1.0
4750,820,25.0,1.0
4751,2330,71.04,2.0
4752,1560,47.56,2.0
4753,2510,76.52,1.0
4754,1490,45.43,1.0
4755,1600,48.78,1.0
4756,2100,64.02,1.0
4757,1670,50.91,1.5
4758,1970,60.06,1.0
4759,1910,58.23,1.0
4760,1620,49.39,1.0
4761,1250,38.11,1.0
4762,1840,56.1,2.0
4763,1490,45.43,2.0
4764,1750,53.35,1.0
4765,2050,62.5,1.5
4766,1970,60.06,1.0
4767,2760,84.15,1.0
4768,3550,108.23,2.0
4769,1310,39.94,2.0
4770,2880,87.8,1.5
4771,2920,89.02,2.5
4772,2100,64.02,2.0
4773,3550,108.23,2.0
4774,830,25.3,2.0
4775,1590,48.48,2.0
4776,1470,44.82,1.0
4777,1980,60.37,2.0
4778,1210,36.89,1.5
4779,2600,79.27,2.0
4780,4070,124.09,2.0
4781,2850,86.89,2.0
4782,1960,59.76,2.0
4783,2750,83.84,2.0
4784,910,27.74,1.0
4785,790,24.09,1.0
4786,2020,61.59,2.0
4787,550,16.77,1.0
4788,2130,64.94,2.0
4789,1950,59.45,1.5
4790,2080,63.41,2.0
4791,3420,104.27,1.0
4792,2990,91.16,2.0
4793,1760,53.66,1.0
4794,1740,53.05,2.0
4795,730,22.26,1.0
4796,1230,37.5,1.0
4797,1540,46.95,1.5
4798,2840,86.59,1.0
4799,2480,75.61,2.0
4800,2000,60.98,1.0
4801,1640,50.0,2.0
4802,2000,60.98,1.5
4803,2320,70.73,2.0
4804,1750,53.35,1.0
4805,650,19.82,1.0
4806,2870,87.5,2.0
4807,4860,148.17,2.0
4808,1440,43.9,2.0
4809,1300,39.63,1.0
4810,1850,56.4,1.0
4811,1820,55.49,2.0
4812,2068,63.05,2.0
4813,2380,72.56,2.0
4814,1260,38.41,3.0
4815,1570,47.87,1.5
4816,2732,83.29,1.0
4817,780,23.78,1.0
4818,1460,44.51,1.0
4819,1630,49.7,1.0
4820,2050,62.5,1.0
4821,1680,51.22,3.0
4822,1850,56.4,1.0
4823,1630,49.7,1.0
4824,3753,114.42,2.0
4825,1990,60.67,2.0
4826,2180,66.46,2.0
4827,1890,57.62,2.0
4828,800,24.39,1.0
4829,1050,32.01,1.0
4830,1840,56.1,1.0
4831,1860,56.71,1.0
4832,880,26.83,1.0
4833,2320,70.73,1.0
4834,2110,64.33,1.0
4835,3030,92.38,2.0
4836,1630,49.7,2.0
4837,1100,33.54,1.5
4838,1740,53.05,2.0
4839,1480,45.12,1.0
4840,3530,107.62,2.0
4841,2460,75.0,1.0
4842,1010,30.79,1.0
4843,3190,97.26,2.0
4844,1830,55.79,2.0
4845,1500,45.73,2.0
4846,2330,71.04,1.0
4847,950,28.96,1.0
4848,2720,82.93,2.0
4849,3870,117.99,2.0
4850,2400,73.17,1.0
4851,1560,47.56,2.0
4852,700,21.34,1.0
4853,1300,39.63,1.0
4854,1560,47.56,1.5
4855,1640,50.0,1.0
4856,2660,81.1,1.0
4857,1020,31.1,1.0
4858,1070,32.62,1.0
4859,2100,64.02,1.0
4860,900,27.44,1.0
4861,2020,61.59,1.0
4862,2870,87.5,2.0
4863,2150,65.55,2.0
4864,2150,65.55,2.0
4865,790,24.09,1.0
4866,1240,37.8,1.0
4867,1840,56.1,2.0
4868,1810,55.18,1.0
4869,3410,103.96,1.5
4870,1030,31.4,1.0
4871,3760,114.63,2.0
4872,1050,32.01,1.0
4873,1190,36.28,1.5
4874,1050,32.01,1.0
4875,1560,47.56,1.0
4876,1250,38.11,1.0
4877,3830,116.77,1.0
4878,1300,39.63,1.0
4879,2630,80.18,2.0
4880,1870,57.01,1.0
4881,1640,50.0,1.0
4882,2520,76.83,2.0
4883,1940,59.15,1.5
4884,2510,76.52,2.0
4885,2500,76.22,2.0
4886,3260,99.39,2.0
4887,2710,82.62,2.5
4888,2260,68.9,2.0
4889,1990,60.67,1.0
4890,2020,61.59,1.0
4891,980,29.88,1.0
4892,1280,39.02,1.0
4893,2330,71.04,2.0
4894,1380,42.07,1.0
4895,1760,53.66,1.0
4896,1650,50.3,2.0
4897,2700,82.32,2.0
4898,1250,38.11,1.5
4899,2350,71.65,1.0
4900,3890,118.6,1.0
4901,1560,47.56,2.0
4902,1180,35.98,1.0
4903,1820,55.49,2.0
4904,1790,54.57,1.0
4905,1800,54.88,1.0
4906,1400,42.68,2.0
4907,1390,42.38,1.0
4908,1060,32.32,1.0
4909,2180,66.46,1.0
4910,3110,94.82,1.5
4911,3590,109.45,1.0
4912,3150,96.04,1.5
4913,1820,55.49,1.5
4914,1280,39.02,1.0
4915,1900,57.93,1.5
4916,1130,34.45,1.0
4917,3400,103.66,2.0
4918,2570,78.35,2.0
4919,3170,96.65,2.0
4920,2390,72.87,2.0
4921,1520,46.34,1.5
4922,1300,39.63,2.0
4923,2910,88.72,2.0
4924,1410,42.99,2.0
4925,2470,75.3,2.0
4926,1358,41.4,3.0
4927,2440,74.39,1.0
4928,2910,88.72,2.0
4929,2700,82.32,1.0
4930,1490,45.43,1.0
4931,2140,65.24,1.0
4932,1820,55.49,1.0
4933,2140,65.24,2.0
4934,3010,91.77,2.0
4935,2910,88.72,2.0
4936,2300,70.12,2.0
4937,1600,48.78,2.0
4938,1320,40.24,3.0
4939,2080,63.41,2.0
4940,2040,62.2,2.0
4941,2900,88.41,1.0
4942,3750,114.33,2.0
4943,2900,88.41,2.0
4944,2460,75.0,1.0
4945,2440,74.39,2.0
4946,2830,86.28,3.0
4947,2740,83.54,2.0
4948,1520,46.34,2.0
4949,2850,86.89,1.5
4950,4370,133.23,2.0
4951,2710,82.62,1.0
4952,3090,94.21,2.0
4953,2160,65.85,1.0
4954,1430,43.6,1.0
4955,1970,60.06,2.0
4956,1010,30.79,1.0
4957,2020,61.59,1.0
4958,1610,49.09,1.0
4959,2120,64.63,1.0
4960,1770,53.96,1.0
4961,1700,51.83,1.0
4962,2960,90.24,2.0
4963,1760,53.66,2.0
4964,2900,88.41,2.0
4965,1630,49.7,3.0
4966,2180,66.46,2.0
4967,1068,32.56,2.0
4968,840,25.61,1.0
4969,1370,41.77,1.0
4970,1170,35.67,1.0
4971,2620,79.88,2.0
4972,2200,67.07,2.0
4973,1420,43.29,2.0
4974,1940,59.15,1.0
4975,1710,52.13,1.0
4976,1458,44.45,2.0
4977,2820,85.98,2.0
4978,1760,53.66,1.0
4979,1010,30.79,1.0
4980,1820,55.49,1.0
4981,2120,64.63,1.0
4982,1502,45.79,3.0
4983,1120,34.15,1.0
4984,1580,48.17,1.0
4985,4550,138.72,1.0
4986,1060,32.32,1.0
4987,1150,35.06,1.0
4988,1790,54.57,1.0
4989,1760,53.66,1.0
4990,1130,34.45,1.0
4991,3310,100.91,1.0
4992,2190,66.77,1.0
4993,2090,63.72,1.5
4994,1110,33.84,1.0
4995,4090,124.7,2.0
4996,1820,55.49,1.0
4997,4270,130.18,2.0
4998,1710,52.13,1.0
4999,1490,45.43,1.0
